Date,Country,Tonnes
2000-03,United States,8133.15
2000-06,United States,8133.11
2000-09,United States,8133.3
2000-12,United States,8133.76
2001-03,United States,8133.69
2001-06,United States,8133.62
2001-09,United States,8134.09
2001-12,United States,8134.32
2002-03,United States,8134.18
2002-06,United States,8134.34
2002-09,United States,8134.21
2002-12,United States,8134.07
2003-03,United States,8134.14
2003-06,United States,8133.56
2003-09,United States,8133.05
2003-12,United States,8132.88
2004-03,United States,8132.57
2004-06,United States,8132.67
2004-09,United States,8132.4
2004-12,United States,8131.97
2005-03,United States,8132.41
2005-06,United States,8132.34
2005-09,United States,8132.36
2005-12,United States,8131.94
2006-03,United States,8131.77
2006-06,United States,8131.81
2006-09,United States,8131.46
2006-12,United States,8131.57
2007-03,United States,8131.39
2007-06,United States,8131.31
2007-09,United States,8131.13
2007-12,United States,8131.68
2008-03,United States,8131.68
2008-06,United States,8131.36
2008-09,United States,8131.61
2008-12,United States,8131.24
2009-03,United States,8131.3
2009-06,United States,8130.72
2009-09,United States,8130.32
2009-12,United States,8130.38
2010-03,United States,8130.6
2010-06,United States,8130.65
2010-09,United States,8130.61
2010-12,United States,8130.52
2011-03,United States,8130.08
2011-06,United States,8129.86
2011-09,United States,8129.73
2011-12,United States,8130.04
2012-03,United States,8130.15
2012-06,United States,8129.62
2012-09,United States,8129.72
2012-12,United States,8129.6
2013-03,United States,8129.4
2013-06,United States,8129.58
2013-09,United States,8129.89
2013-12,United States,8130.17
2014-03,United States,8129.92
2014-06,United States,8129.82
2014-09,United States,8129.92
2014-12,United States,8130.22
2015-03,United States,8130.07
2015-06,United States,8130.02
2015-09,United States,8129.68
2015-12,United States,8129.33
2016-03,United States,8129.57
2016-06,United States,8129.98
2016-09,United States,8129.96
2016-12,United States,8130.26
2017-03,United States,8130.36
2017-06,United States,8130.17
2017-09,United States,8130.28
2017-12,United States,8130.74
2018-03,United States,8130.73
2018-06,United States,8131.2
2018-09,United States,8130.41
2018-12,United States,8130.66
2019-03,United States,8130.69
2019-06,United States,8130.6
2019-09,United States,8130.62
2019-12,United States,8130.03
2020-03,United States,8129.96
2020-06,United States,8130.07
2020-09,United States,8130.51
2020-12,United States,8130.36
2021-03,United States,8130.11
2021-06,United States,8129.96
2021-09,United States,8130.24
2021-12,United States,8130.34
2022-03,United States,8130.18
2022-06,United States,8130.33
2022-09,United States,8130.36
2022-12,United States,8130.65
2023-03,United States,8130.44
2023-06,United States,8130.34
2023-09,United States,8130.23
2023-12,United States,8129.79
2024-03,United States,8129.88
2024-06,United States,8129.95
2024-09,United States,8129.95
2024-12,United States,8129.88
2000-03,Germany,3466.25
2000-06,Germany,3465.1
2000-09,Germany,3463.99
2000-12,Germany,3462.61
2001-03,Germany,3461.61
2001-06,Germany,3460.96
2001-09,Germany,3461.19
2001-12,Germany,3460.39
2002-03,Germany,3459.65
2002-06,Germany,3458.7
2002-09,Germany,3456.65
2002-12,Germany,3455.74
2003-03,Germany,3454.87
2003-06,Germany,3455.45
2003-09,Germany,3454.43
2003-12,Germany,3453.72
2004-03,Germany,3452.79
2004-06,Germany,3451.19
2004-09,Germany,3450.98
2004-12,Germany,3450.53
2005-03,Germany,3450.11
2005-06,Germany,3448.66
2005-09,Germany,3448.6
2005-12,Germany,3446.86
2006-03,Germany,3446.31
2006-06,Germany,3446.73
2006-09,Germany,3445.23
2006-12,Germany,3443.99
2007-03,Germany,3443.15
2007-06,Germany,3441.95
2007-09,Germany,3440.12
2007-12,Germany,3439.26
2008-03,Germany,3437.72
2008-06,Germany,3437.11
2008-09,Germany,3435.66
2008-12,Germany,3435.69
2009-03,Germany,3434.32
2009-06,Germany,3433.22
2009-09,Germany,3432.81
2009-12,Germany,3431.17
2010-03,Germany,3430.41
2010-06,Germany,3430.29
2010-09,Germany,3428.43
2010-12,Germany,3427.64
2011-03,Germany,3426.9
2011-06,Germany,3426.46
2011-09,Germany,3424.82
2011-12,Germany,3423.13
2012-03,Germany,3422.54
2012-06,Germany,3421.82
2012-09,Germany,3421.07
2012-12,Germany,3420.38
2013-03,Germany,3419.07
2013-06,Germany,3418.31
2013-09,Germany,3417.59
2013-12,Germany,3416.26
2014-03,Germany,3416.48
2014-06,Germany,3415.86
2014-09,Germany,3414.25
2014-12,Germany,3413.74
2015-03,Germany,3412.26
2015-06,Germany,3411.83
2015-09,Germany,3411.62
2015-12,Germany,3410.23
2016-03,Germany,3409.91
2016-06,Germany,3409.26
2016-09,Germany,3408.85
2016-12,Germany,3409.09
2017-03,Germany,3408.04
2017-06,Germany,3406.69
2017-09,Germany,3405.26
2017-12,Germany,3403.87
2018-03,Germany,3402.92
2018-06,Germany,3402.22
2018-09,Germany,3401.49
2018-12,Germany,3401.09
2019-03,Germany,3400.19
2019-06,Germany,3400.17
2019-09,Germany,3399.11
2019-12,Germany,3399.84
2020-03,Germany,3399.31
2020-06,Germany,3397.9
2020-09,Germany,3396.36
2020-12,Germany,3395.75
2021-03,Germany,3394.71
2021-06,Germany,3394.24
2021-09,Germany,3393.63
2021-12,Germany,3392.68
2022-03,Germany,3391.27
2022-06,Germany,3389.47
2022-09,Germany,3388.3
2022-12,Germany,3387.91
2023-03,Germany,3387.14
2023-06,Germany,3385.49
2023-09,Germany,3384.7
2023-12,Germany,3384.03
2024-03,Germany,3382.6
2024-06,Germany,3381.79
2024-09,Germany,3380.92
2024-12,Germany,3379.34
2000-03,Italy,2452.05
2000-06,Italy,2452.14
2000-09,Italy,2452.3
2000-12,Italy,2452.46
2001-03,Italy,2452.25
2001-06,Italy,2452.11
2001-09,Italy,2452.19
2001-12,Italy,2452.27
2002-03,Italy,2452.34
2002-06,Italy,2452.92
2002-09,Italy,2453.01
2002-12,Italy,2453.18
2003-03,Italy,2453.32
2003-06,Italy,2453.42
2003-09,Italy,2453.37
2003-12,Italy,2453.48
2004-03,Italy,2453.37
2004-06,Italy,2453.33
2004-09,Italy,2453.26
2004-12,Italy,2453.27
2005-03,Italy,2453.62
2005-06,Italy,2453.34
2005-09,Italy,2453.44
2005-12,Italy,2453.2
2006-03,Italy,2453.13
2006-06,Italy,2453.29
2006-09,Italy,2453.3
2006-12,Italy,2453.14
2007-03,Italy,2453.03
2007-06,Italy,2453.14
2007-09,Italy,2453.03
2007-12,Italy,2453.06
2008-03,Italy,2453.06
2008-06,Italy,2452.97
2008-09,Italy,2453.29
2008-12,Italy,2453.38
2009-03,Italy,2453.08
2009-06,Italy,2453.11
2009-09,Italy,2453.01
2009-12,Italy,2453.14
2010-03,Italy,2453.02
2010-06,Italy,2453.0
2010-09,Italy,2453.08
2010-12,Italy,2453.21
2011-03,Italy,2453.03
2011-06,Italy,2452.98
2011-09,Italy,2452.9
2011-12,Italy,2452.81
2012-03,Italy,2453.07
2012-06,Italy,2453.13
2012-09,Italy,2452.94
2012-12,Italy,2453.08
2013-03,Italy,2453.4
2013-06,Italy,2453.55
2013-09,Italy,2453.33
2013-12,Italy,2453.25
2014-03,Italy,2453.44
2014-06,Italy,2453.34
2014-09,Italy,2453.4
2014-12,Italy,2453.52
2015-03,Italy,2453.38
2015-06,Italy,2453.37
2015-09,Italy,2452.89
2015-12,Italy,2452.73
2016-03,Italy,2452.69
2016-06,Italy,2452.51
2016-09,Italy,2452.75
2016-12,Italy,2452.54
2017-03,Italy,2452.47
2017-06,Italy,2452.49
2017-09,Italy,2452.71
2017-12,Italy,2452.49
2018-03,Italy,2452.67
2018-06,Italy,2452.67
2018-09,Italy,2452.52
2018-12,Italy,2452.59
2019-03,Italy,2452.62
2019-06,Italy,2452.53
2019-09,Italy,2452.54
2019-12,Italy,2452.48
2020-03,Italy,2452.5
2020-06,Italy,2452.6
2020-09,Italy,2452.84
2020-12,Italy,2452.65
2021-03,Italy,2452.97
2021-06,Italy,2452.68
2021-09,Italy,2452.66
2021-12,Italy,2452.74
2022-03,Italy,2452.79
2022-06,Italy,2452.69
2022-09,Italy,2452.66
2022-12,Italy,2452.59
2023-03,Italy,2452.5
2023-06,Italy,2452.63
2023-09,Italy,2452.68
2023-12,Italy,2452.58
2024-03,Italy,2452.71
2024-06,Italy,2452.76
2024-09,Italy,2452.88
2024-12,Italy,2452.97
2000-03,France,3023.88
2000-06,France,3022.79
2000-09,France,3021.9
2000-12,France,3021.0
2001-03,France,3019.99
2001-06,France,3019.01
2001-09,France,3018.2
2001-12,France,3017.11
2002-03,France,3016.19
2002-06,France,3015.16
2002-09,France,3014.13
2002-12,France,3013.3
2003-03,France,3012.42
2003-06,France,3011.54
2003-09,France,3010.74
2003-12,France,3009.74
2004-03,France,3008.84
2004-06,France,3007.8
2004-09,France,3006.85
2004-12,France,3005.83
2005-03,France,3004.84
2005-06,France,3003.93
2005-09,France,3002.81
2005-12,France,3002.12
2006-03,France,3000.97
2006-06,France,2999.79
2006-09,France,2998.96
2006-12,France,2998.08
2007-03,France,2997.17
2007-06,France,2996.27
2007-09,France,2995.27
2007-12,France,2994.13
2008-03,France,2993.14
2008-06,France,2992.04
2008-09,France,2991.19
2008-12,France,2990.17
2009-03,France,2989.04
2009-06,France,2987.99
2009-09,France,2987.06
2009-12,France,2985.97
2010-03,France,2984.85
2010-06,France,2983.88
2010-09,France,2982.92
2010-12,France,2981.85
2011-03,France,2980.77
2011-06,France,2979.81
2011-09,France,2978.59
2011-12,France,2977.38
2012-03,France,2976.27
2012-06,France,2975.24
2012-09,France,2974.29
2012-12,France,2973.51
2013-03,France,2972.64
2013-06,France,2971.61
2013-09,France,2970.61
2013-12,France,2969.46
2014-03,France,2968.46
2014-06,France,2967.41
2014-09,France,2966.46
2014-12,France,2965.34
2015-03,France,2964.42
2015-06,France,2963.65
2015-09,France,2962.63
2015-12,France,2961.69
2016-03,France,2960.79
2016-06,France,2959.73
2016-09,France,2958.77
2016-12,France,2957.77
2017-03,France,2956.78
2017-06,France,2955.67
2017-09,France,2954.67
2017-12,France,2953.75
2018-03,France,2952.96
2018-06,France,2952.11
2018-09,France,2951.43
2018-12,France,2950.32
2019-03,France,2949.45
2019-06,France,2948.47
2019-09,France,2947.8
2019-12,France,2946.68
2020-03,France,2945.56
2020-06,France,2944.47
2020-09,France,2943.15
2020-12,France,2942.07
2021-03,France,2940.95
2021-06,France,2939.98
2021-09,France,2939.03
2021-12,France,2938.31
2022-03,France,2937.45
2022-06,France,2936.37
2022-09,France,2935.23
2022-12,France,2934.3
2023-03,France,2933.11
2023-06,France,2932.38
2023-09,France,2931.56
2023-12,France,2930.49
2024-03,France,2929.23
2024-06,France,2928.43
2024-09,France,2927.42
2024-12,France,2926.6
2000-03,Russia,386.15
2000-06,Russia,397.26
2000-09,Russia,413.8
2000-12,Russia,430.73
2001-03,Russia,443.18
2001-06,Russia,465.28
2001-09,Russia,472.17
2001-12,Russia,487.39
2002-03,Russia,504.97
2002-06,Russia,526.1
2002-09,Russia,549.01
2002-12,Russia,555.39
2003-03,Russia,558.08
2003-06,Russia,586.08
2003-09,Russia,605.57
2003-12,Russia,615.33
2004-03,Russia,645.79
2004-06,Russia,663.33
2004-09,Russia,690.45
2004-12,Russia,707.56
2005-03,Russia,742.6
2005-06,Russia,774.9
2005-09,Russia,789.16
2005-12,Russia,814.4
2006-03,Russia,836.71
2006-06,Russia,865.53
2006-09,Russia,873.35
2006-12,Russia,896.02
2007-03,Russia,922.05
2007-06,Russia,922.72
2007-09,Russia,928.57
2007-12,Russia,926.71
2008-03,Russia,940.79
2008-06,Russia,963.75
2008-09,Russia,993.77
2008-12,Russia,1010.94
2009-03,Russia,1042.09
2009-06,Russia,1046.17
2009-09,Russia,1047.34
2009-12,Russia,1063.34
2010-03,Russia,1083.3
2010-06,Russia,1099.5
2010-09,Russia,1097.4
2010-12,Russia,1113.1
2011-03,Russia,1117.86
2011-06,Russia,1140.38
2011-09,Russia,1160.18
2011-12,Russia,1168.22
2012-03,Russia,1180.1
2012-06,Russia,1187.07
2012-09,Russia,1203.0
2012-12,Russia,1228.1
2013-03,Russia,1235.73
2013-06,Russia,1256.76
2013-09,Russia,1268.49
2013-12,Russia,1277.85
2014-03,Russia,1293.39
2014-06,Russia,1300.57
2014-09,Russia,1312.09
2014-12,Russia,1317.81
2015-03,Russia,1351.99
2015-06,Russia,1368.81
2015-09,Russia,1379.01
2015-12,Russia,1397.44
2016-03,Russia,1412.93
2016-06,Russia,1427.44
2016-09,Russia,1449.47
2016-12,Russia,1472.78
2017-03,Russia,1484.51
2017-06,Russia,1495.83
2017-09,Russia,1509.85
2017-12,Russia,1505.63
2018-03,Russia,1508.5
2018-06,Russia,1537.3
2018-09,Russia,1568.6
2018-12,Russia,1582.86
2019-03,Russia,1604.55
2019-06,Russia,1623.85
2019-09,Russia,1668.06
2019-12,Russia,1694.64
2020-03,Russia,1709.99
2020-06,Russia,1717.89
2020-09,Russia,1719.93
2020-12,Russia,1738.26
2021-03,Russia,1747.95
2021-06,Russia,1751.65
2021-09,Russia,1762.33
2021-12,Russia,1769.1
2022-03,Russia,1800.78
2022-06,Russia,1825.22
2022-09,Russia,1841.65
2022-12,Russia,1871.47
2023-03,Russia,1888.66
2023-06,Russia,1897.41
2023-09,Russia,1927.62
2023-12,Russia,1948.97
2024-03,Russia,1956.13
2024-06,Russia,1970.92
2024-09,Russia,1979.54
2024-12,Russia,1983.6
2000-03,China,421.11
2000-06,China,459.03
2000-09,China,457.24
2000-12,China,479.0
2001-03,China,486.19
2001-06,China,495.35
2001-09,China,503.24
2001-12,China,507.87
2002-03,China,523.45
2002-06,China,528.48
2002-09,China,546.73
2002-12,China,561.12
2003-03,China,573.26
2003-06,China,577.37
2003-09,China,585.44
2003-12,China,609.51
2004-03,China,630.52
2004-06,China,633.79
2004-09,China,649.98
2004-12,China,674.0
2005-03,China,668.97
2005-06,China,690.49
2005-09,China,697.53
2005-12,China,719.38
2006-03,China,725.22
2006-06,China,718.56
2006-09,China,714.03
2006-12,China,729.61
2007-03,China,747.73
2007-06,China,751.87
2007-09,China,774.54
2007-12,China,769.6
2008-03,China,783.81
2008-06,China,784.27
2008-09,China,791.45
2008-12,China,807.02
2009-03,China,811.7
2009-06,China,822.08
2009-09,China,849.16
2009-12,China,857.23
2010-03,China,882.26
2010-06,China,883.71
2010-09,China,905.06
2010-12,China,937.36
2011-03,China,922.7
2011-06,China,928.14
2011-09,China,950.07
2011-12,China,962.63
2012-03,China,982.08
2012-06,China,989.83
2012-09,China,1005.87
2012-12,China,1019.01
2013-03,China,1048.02
2013-06,China,1066.07
2013-09,China,1085.12
2013-12,China,1095.18
2014-03,China,1104.33
2014-06,China,1114.14
2014-09,China,1133.87
2014-12,China,1143.82
2015-03,China,1162.3
2015-06,China,1202.2
2015-09,China,1227.66
2015-12,China,1238.74
2016-03,China,1268.16
2016-06,China,1278.26
2016-09,China,1268.8
2016-12,China,1271.71
2017-03,China,1264.26
2017-06,China,1275.04
2017-09,China,1290.26
2017-12,China,1325.38
2018-03,China,1344.3
2018-06,China,1356.67
2018-09,China,1381.62
2018-12,China,1370.09
2019-03,China,1387.92
2019-06,China,1412.17
2019-09,China,1409.43
2019-12,China,1438.15
2020-03,China,1457.21
2020-06,China,1467.23
2020-09,China,1489.82
2020-12,China,1532.07
2021-03,China,1549.25
2021-06,China,1567.23
2021-09,China,1576.72
2021-12,China,1581.52
2022-03,China,1606.48
2022-06,China,1611.21
2022-09,China,1627.07
2022-12,China,1636.34
2023-03,China,1657.09
2023-06,China,1676.09
2023-09,China,1703.54
2023-12,China,1712.42
2024-03,China,1724.18
2024-06,China,1727.44
2024-09,China,1737.11
2024-12,China,1756.63
2000-03,Switzerland,2587.11
2000-06,Switzerland,2583.98
2000-09,Switzerland,2581.11
2000-12,Switzerland,2578.31
2001-03,Switzerland,2575.37
2001-06,Switzerland,2572.65
2001-09,Switzerland,2569.54
2001-12,Switzerland,2566.35
2002-03,Switzerland,2563.08
2002-06,Switzerland,2560.31
2002-09,Switzerland,2557.41
2002-12,Switzerland,2554.4
2003-03,Switzerland,2551.44
2003-06,Switzerland,2548.27
2003-09,Switzerland,2545.64
2003-12,Switzerland,2542.66
2004-03,Switzerland,2539.67
2004-06,Switzerland,2536.78
2004-09,Switzerland,2533.85
2004-12,Switzerland,2530.89
2005-03,Switzerland,2527.77
2005-06,Switzerland,2524.84
2005-09,Switzerland,2522.12
2005-12,Switzerland,2519.32
2006-03,Switzerland,2516.56
2006-06,Switzerland,2513.49
2006-09,Switzerland,2510.34
2006-12,Switzerland,2507.32
2007-03,Switzerland,2504.33
2007-06,Switzerland,2501.49
2007-09,Switzerland,2498.24
2007-12,Switzerland,2495.47
2008-03,Switzerland,2492.44
2008-06,Switzerland,2489.38
2008-09,Switzerland,2486.23
2008-12,Switzerland,2482.98
2009-03,Switzerland,2480.1
2009-06,Switzerland,2477.11
2009-09,Switzerland,2473.92
2009-12,Switzerland,2470.73
2010-03,Switzerland,2467.68
2010-06,Switzerland,2464.93
2010-09,Switzerland,2461.89
2010-12,Switzerland,2458.66
2011-03,Switzerland,2455.62
2011-06,Switzerland,2452.58
2011-09,Switzerland,2449.18
2011-12,Switzerland,2446.17
2012-03,Switzerland,2443.14
2012-06,Switzerland,2440.24
2012-09,Switzerland,2437.52
2012-12,Switzerland,2434.69
2013-03,Switzerland,2431.65
2013-06,Switzerland,2428.48
2013-09,Switzerland,2425.87
2013-12,Switzerland,2422.88
2014-03,Switzerland,2419.88
2014-06,Switzerland,2416.87
2014-09,Switzerland,2413.9
2014-12,Switzerland,2410.88
2015-03,Switzerland,2407.8
2015-06,Switzerland,2404.71
2015-09,Switzerland,2401.71
2015-12,Switzerland,2398.63
2016-03,Switzerland,2395.52
2016-06,Switzerland,2392.54
2016-09,Switzerland,2389.5
2016-12,Switzerland,2386.72
2017-03,Switzerland,2383.33
2017-06,Switzerland,2380.49
2017-09,Switzerland,2377.68
2017-12,Switzerland,2374.37
2018-03,Switzerland,2371.31
2018-06,Switzerland,2368.26
2018-09,Switzerland,2365.05
2018-12,Switzerland,2361.93
2019-03,Switzerland,2358.76
2019-06,Switzerland,2356.03
2019-09,Switzerland,2353.17
2019-12,Switzerland,2350.36
2020-03,Switzerland,2347.47
2020-06,Switzerland,2344.3
2020-09,Switzerland,2341.22
2020-12,Switzerland,2338.29
2021-03,Switzerland,2335.11
2021-06,Switzerland,2332.22
2021-09,Switzerland,2329.18
2021-12,Switzerland,2326.12
2022-03,Switzerland,2323.23
2022-06,Switzerland,2320.3
2022-09,Switzerland,2317.24
2022-12,Switzerland,2314.42
2023-03,Switzerland,2311.25
2023-06,Switzerland,2308.35
2023-09,Switzerland,2305.44
2023-12,Switzerland,2302.39
2024-03,Switzerland,2299.44
2024-06,Switzerland,2296.25
2024-09,Switzerland,2293.39
2024-12,Switzerland,2290.36
2000-03,Japan,754.07
2000-06,Japan,754.38
2000-09,Japan,754.42
2000-12,Japan,754.36
2001-03,Japan,754.28
2001-06,Japan,754.52
2001-09,Japan,754.48
2001-12,Japan,754.89
2002-03,Japan,754.73
2002-06,Japan,755.13
2002-09,Japan,755.31
2002-12,Japan,755.45
2003-03,Japan,755.52
2003-06,Japan,755.73
2003-09,Japan,755.87
2003-12,Japan,756.19
2004-03,Japan,756.36
2004-06,Japan,756.53
2004-09,Japan,756.62
2004-12,Japan,756.76
2005-03,Japan,756.96
2005-06,Japan,756.85
2005-09,Japan,756.8
2005-12,Japan,757.06
2006-03,Japan,757.24
2006-06,Japan,757.36
2006-09,Japan,757.51
2006-12,Japan,757.72
2007-03,Japan,757.79
2007-06,Japan,757.82
2007-09,Japan,758.0
2007-12,Japan,758.0
2008-03,Japan,758.21
2008-06,Japan,758.11
2008-09,Japan,758.41
2008-12,Japan,758.63
2009-03,Japan,758.82
2009-06,Japan,759.12
2009-09,Japan,759.52
2009-12,Japan,759.82
2010-03,Japan,759.69
2010-06,Japan,759.65
2010-09,Japan,759.71
2010-12,Japan,759.86
2011-03,Japan,760.09
2011-06,Japan,760.13
2011-09,Japan,760.31
2011-12,Japan,760.35
2012-03,Japan,760.4
2012-06,Japan,760.34
2012-09,Japan,760.35
2012-12,Japan,760.3
2013-03,Japan,760.31
2013-06,Japan,760.61
2013-09,Japan,760.62
2013-12,Japan,761.17
2014-03,Japan,761.39
2014-06,Japan,761.57
2014-09,Japan,761.59
2014-12,Japan,761.84
2015-03,Japan,761.91
2015-06,Japan,762.08
2015-09,Japan,762.61
2015-12,Japan,762.75
2016-03,Japan,763.07
2016-06,Japan,763.11
2016-09,Japan,763.26
2016-12,Japan,763.67
2017-03,Japan,763.73
2017-06,Japan,764.15
2017-09,Japan,764.41
2017-12,Japan,764.47
2018-03,Japan,764.72
2018-06,Japan,765.01
2018-09,Japan,765.26
2018-12,Japan,765.17
2019-03,Japan,765.21
2019-06,Japan,765.32
2019-09,Japan,765.46
2019-12,Japan,765.71
2020-03,Japan,765.88
2020-06,Japan,765.83
2020-09,Japan,766.04
2020-12,Japan,766.28
2021-03,Japan,766.52
2021-06,Japan,766.83
2021-09,Japan,767.1
2021-12,Japan,767.32
2022-03,Japan,767.46
2022-06,Japan,767.36
2022-09,Japan,767.58
2022-12,Japan,767.76
2023-03,Japan,767.95
2023-06,Japan,767.91
2023-09,Japan,767.89
2023-12,Japan,768.2
2024-03,Japan,768.35
2024-06,Japan,768.6
2024-09,Japan,768.75
2024-12,Japan,768.91
2000-03,India,372.54
2000-06,India,376.17
2000-09,India,384.39
2000-12,India,388.42
2001-03,India,392.66
2001-06,India,397.84
2001-09,India,407.01
2001-12,India,410.92
2002-03,India,427.84
2002-06,India,428.63
2002-09,India,434.73
2002-12,India,438.93
2003-03,India,457.28
2003-06,India,466.25
2003-09,India,481.49
2003-12,India,477.85
2004-03,India,487.35
2004-06,India,501.53
2004-09,India,509.64
2004-12,India,525.13
2005-03,India,528.75
2005-06,India,546.83
2005-09,India,571.57
2005-12,India,576.35
2006-03,India,580.5
2006-06,India,598.9
2006-09,India,618.25
2006-12,India,621.83
2007-03,India,626.18
2007-06,India,631.57
2007-09,India,628.98
2007-12,India,629.59
2008-03,India,629.56
2008-06,India,631.3
2008-09,India,638.54
2008-12,India,647.8
2009-03,India,666.93
2009-06,India,666.94
2009-09,India,681.82
2009-12,India,687.72
2010-03,India,694.85
2010-06,India,707.41
2010-09,India,706.49
2010-12,India,716.86
2011-03,India,725.6
2011-06,India,736.8
2011-09,India,746.47
2011-12,India,772.38
2012-03,India,775.1
2012-06,India,778.61
2012-09,India,781.44
2012-12,India,784.78
2013-03,India,787.49
2013-06,India,803.91
2013-09,India,822.07
2013-12,India,825.29
2014-03,India,826.54
2014-06,India,837.58
2014-09,India,840.94
2014-12,India,853.18
2015-03,India,862.21
2015-06,India,858.34
2015-09,India,877.44
2015-12,India,898.41
2016-03,India,901.32
2016-06,India,905.91
2016-09,India,915.55
2016-12,India,925.56
2017-03,India,938.0
2017-06,India,960.58
2017-09,India,966.75
2017-12,India,968.26
2018-03,India,965.42
2018-06,India,967.44
2018-09,India,974.69
2018-12,India,995.65
2019-03,India,999.27
2019-06,India,1008.44
2019-09,India,1015.82
2019-12,India,1032.23
2020-03,India,1058.69
2020-06,India,1062.2
2020-09,India,1066.03
2020-12,India,1081.36
2021-03,India,1093.98
2021-06,India,1115.33
2021-09,India,1127.21
2021-12,India,1132.01
2022-03,India,1143.94
2022-06,India,1159.76
2022-09,India,1173.41
2022-12,India,1184.72
2023-03,India,1200.22
2023-06,India,1216.49
2023-09,India,1234.35
2023-12,India,1246.72
2024-03,India,1252.96
2024-06,India,1261.57
2024-09,India,1278.11
2024-12,India,1279.49
2000-03,Netherlands,911.06
2000-06,Netherlands,910.0
2000-09,Netherlands,909.0
2000-12,Netherlands,908.19
2001-03,Netherlands,907.22
2001-06,Netherlands,906.23
2001-09,Netherlands,905.02
2001-12,Netherlands,904.14
2002-03,Netherlands,903.23
2002-06,Netherlands,902.56
2002-09,Netherlands,901.51
2002-12,Netherlands,900.54
2003-03,Netherlands,899.58
2003-06,Netherlands,898.82
2003-09,Netherlands,897.8
2003-12,Netherlands,896.85
2004-03,Netherlands,895.94
2004-06,Netherlands,894.96
2004-09,Netherlands,893.9
2004-12,Netherlands,892.93
2005-03,Netherlands,892.09
2005-06,Netherlands,890.93
2005-09,Netherlands,889.95
2005-12,Netherlands,888.85
2006-03,Netherlands,888.03
2006-06,Netherlands,886.8
2006-09,Netherlands,885.72
2006-12,Netherlands,884.77
2007-03,Netherlands,884.01
2007-06,Netherlands,883.0
2007-09,Netherlands,881.91
2007-12,Netherlands,881.2
2008-03,Netherlands,879.98
2008-06,Netherlands,878.65
2008-09,Netherlands,877.72
2008-12,Netherlands,876.64
2009-03,Netherlands,875.49
2009-06,Netherlands,874.59
2009-09,Netherlands,873.63
2009-12,Netherlands,872.54
2010-03,Netherlands,871.35
2010-06,Netherlands,870.48
2010-09,Netherlands,869.58
2010-12,Netherlands,868.57
2011-03,Netherlands,867.84
2011-06,Netherlands,866.68
2011-09,Netherlands,865.45
2011-12,Netherlands,864.35
2012-03,Netherlands,863.34
2012-06,Netherlands,862.38
2012-09,Netherlands,861.34
2012-12,Netherlands,860.4
2013-03,Netherlands,859.21
2013-06,Netherlands,858.43
2013-09,Netherlands,857.41
2013-12,Netherlands,856.58
2014-03,Netherlands,855.63
2014-06,Netherlands,854.7
2014-09,Netherlands,853.79
2014-12,Netherlands,852.85
2015-03,Netherlands,851.95
2015-06,Netherlands,851.15
2015-09,Netherlands,850.18
2015-12,Netherlands,849.28
2016-03,Netherlands,848.27
2016-06,Netherlands,847.49
2016-09,Netherlands,846.39
2016-12,Netherlands,845.66
2017-03,Netherlands,844.65
2017-06,Netherlands,843.44
2017-09,Netherlands,842.45
2017-12,Netherlands,841.35
2018-03,Netherlands,840.48
2018-06,Netherlands,839.38
2018-09,Netherlands,838.31
2018-12,Netherlands,837.03
2019-03,Netherlands,835.96
2019-06,Netherlands,834.6
2019-09,Netherlands,833.36
2019-12,Netherlands,832.48
2020-03,Netherlands,831.59
2020-06,Netherlands,830.66
2020-09,Netherlands,829.51
2020-12,Netherlands,828.5
2021-03,Netherlands,827.5
2021-06,Netherlands,826.33
2021-09,Netherlands,825.56
2021-12,Netherlands,824.69
2022-03,Netherlands,823.65
2022-06,Netherlands,822.66
2022-09,Netherlands,821.69
2022-12,Netherlands,820.38
2023-03,Netherlands,819.35
2023-06,Netherlands,818.24
2023-09,Netherlands,817.09
2023-12,Netherlands,816.05
2024-03,Netherlands,815.32
2024-06,Netherlands,814.42
2024-09,Netherlands,813.33
2024-12,Netherlands,812.42
2000-03,Turkiye,147.49
2000-06,Turkiye,171.86
2000-09,Turkiye,183.25
2000-12,Turkiye,184.05
2001-03,Turkiye,205.02
2001-06,Turkiye,221.43
2001-09,Turkiye,245.35
2001-12,Turkiye,265.38
2002-03,Turkiye,291.62
2002-06,Turkiye,294.1
2002-09,Turkiye,324.36
2002-12,Turkiye,337.82
2003-03,Turkiye,379.45
2003-06,Turkiye,379.61
2003-09,Turkiye,416.15
2003-12,Turkiye,429.62
2004-03,Turkiye,430.35
2004-06,Turkiye,433.59
2004-09,Turkiye,439.29
2004-12,Turkiye,456.15
2005-03,Turkiye,474.49
2005-06,Turkiye,476.38
2005-09,Turkiye,486.52
2005-12,Turkiye,529.15
2006-03,Turkiye,565.57
2006-06,Turkiye,582.61
2006-09,Turkiye,593.68
2006-12,Turkiye,605.98
2007-03,Turkiye,625.69
2007-06,Turkiye,620.84
2007-09,Turkiye,627.48
2007-12,Turkiye,612.95
2008-03,Turkiye,629.44
2008-06,Turkiye,649.65
2008-09,Turkiye,652.9
2008-12,Turkiye,687.01
2009-03,Turkiye,679.13
2009-06,Turkiye,667.66
2009-09,Turkiye,681.53
2009-12,Turkiye,707.73
2010-03,Turkiye,743.49
2010-06,Turkiye,747.11
2010-09,Turkiye,773.79
2010-12,Turkiye,783.71
2011-03,Turkiye,791.62
2011-06,Turkiye,815.38
2011-09,Turkiye,835.66
2011-12,Turkiye,822.52
2012-03,Turkiye,855.16
2012-06,Turkiye,886.37
2012-09,Turkiye,887.48
2012-12,Turkiye,903.92
2013-03,Turkiye,921.83
2013-06,Turkiye,936.24
2013-09,Turkiye,938.48
2013-12,Turkiye,938.91
2014-03,Turkiye,949.03
2014-06,Turkiye,977.12
2014-09,Turkiye,995.77
2014-12,Turkiye,1000.71
2015-03,Turkiye,1022.79
2015-06,Turkiye,990.56
2015-09,Turkiye,1018.29
2015-12,Turkiye,1002.7
2016-03,Turkiye,1007.76
2016-06,Turkiye,1001.46
2016-09,Turkiye,992.54
2016-12,Turkiye,1020.46
2017-03,Turkiye,1023.94
2017-06,Turkiye,1039.64
2017-09,Turkiye,1049.43
2017-12,Turkiye,1067.09
2018-03,Turkiye,1078.74
2018-06,Turkiye,1070.0
2018-09,Turkiye,1095.44
2018-12,Turkiye,1098.54
2019-03,Turkiye,1085.69
2019-06,Turkiye,1089.77
2019-09,Turkiye,1122.78
2019-12,Turkiye,1146.03
2020-03,Turkiye,1151.3
2020-06,Turkiye,1156.56
2020-09,Turkiye,1162.24
2020-12,Turkiye,1203.89
2021-03,Turkiye,1220.12
2021-06,Turkiye,1237.07
2021-09,Turkiye,1263.02
2021-12,Turkiye,1277.1
2022-03,Turkiye,1283.72
2022-06,Turkiye,1291.27
2022-09,Turkiye,1300.7
2022-12,Turkiye,1310.64
2023-03,Turkiye,1332.05
2023-06,Turkiye,1343.33
2023-09,Turkiye,1364.82
2023-12,Turkiye,1374.11
2024-03,Turkiye,1385.79
2024-06,Turkiye,1366.32
2024-09,Turkiye,1390.56
2024-12,Turkiye,1406.26
2000-03,Poland,117.98
2000-06,Poland,97.92
2000-09,Poland,122.71
2000-12,Poland,127.45
2001-03,Poland,143.43
2001-06,Poland,140.07
2001-09,Poland,151.58
2001-12,Poland,148.1
2002-03,Poland,148.49
2002-06,Poland,171.72
2002-09,Poland,176.0
2002-12,Poland,183.96
2003-03,Poland,197.79
2003-06,Poland,208.25
2003-09,Poland,215.6
2003-12,Poland,224.89
2004-03,Poland,252.52
2004-06,Poland,258.0
2004-09,Poland,265.81
2004-12,Poland,281.26
2005-03,Poland,297.21
2005-06,Poland,313.9
2005-09,Poland,325.65
2005-12,Poland,321.36
2006-03,Poland,342.06
2006-06,Poland,337.74
2006-09,Poland,346.47
2006-12,Poland,345.68
2007-03,Poland,351.1
2007-06,Poland,360.06
2007-09,Poland,368.95
2007-12,Poland,378.75
2008-03,Poland,399.27
2008-06,Poland,409.35
2008-09,Poland,413.16
2008-12,Poland,427.83
2009-03,Poland,444.54
2009-06,Poland,439.49
2009-09,Poland,450.87
2009-12,Poland,463.18
2010-03,Poland,466.5
2010-06,Poland,484.88
2010-09,Poland,489.53
2010-12,Poland,496.66
2011-03,Poland,501.1
2011-06,Poland,507.24
2011-09,Poland,503.38
2011-12,Poland,496.42
2012-03,Poland,516.77
2012-06,Poland,515.14
2012-09,Poland,512.22
2012-12,Poland,498.84
2013-03,Poland,499.09
2013-06,Poland,493.18
2013-09,Poland,513.96
2013-12,Poland,529.05
2014-03,Poland,528.86
2014-06,Poland,555.13
2014-09,Poland,569.96
2014-12,Poland,573.04
2015-03,Poland,556.55
2015-06,Poland,583.16
2015-09,Poland,576.66
2015-12,Poland,567.85
2016-03,Poland,583.05
2016-06,Poland,611.01
2016-09,Poland,629.47
2016-12,Poland,640.54
2017-03,Poland,651.9
2017-06,Poland,665.58
2017-09,Poland,678.41
2017-12,Poland,686.94
2018-03,Poland,693.88
2018-06,Poland,699.31
2018-09,Poland,698.53
2018-12,Poland,702.0
2019-03,Poland,692.76
2019-06,Poland,697.88
2019-09,Poland,694.98
2019-12,Poland,691.05
2020-03,Poland,698.67
2020-06,Poland,717.2
2020-09,Poland,731.46
2020-12,Poland,723.33
2021-03,Poland,720.42
2021-06,Poland,734.89
2021-09,Poland,732.05
2021-12,Poland,736.02
2022-03,Poland,746.97
2022-06,Poland,744.26
2022-09,Poland,751.21
2022-12,Poland,745.2
2023-03,Poland,745.79
2023-06,Poland,754.67
2023-09,Poland,746.33
2023-12,Poland,756.29
2024-03,Poland,762.12
2024-06,Poland,773.09
2024-09,Poland,781.11
2024-12,Poland,799.38
2000-03,United Kingdom,486.02
2000-06,United Kingdom,484.95
2000-09,United Kingdom,483.97
2000-12,United Kingdom,483.05
2001-03,United Kingdom,482.06
2001-06,United Kingdom,481.07
2001-09,United Kingdom,479.96
2001-12,United Kingdom,478.86
2002-03,United Kingdom,477.65
2002-06,United Kingdom,476.91
2002-09,United Kingdom,475.73
2002-12,United Kingdom,474.62
2003-03,United Kingdom,473.52
2003-06,United Kingdom,472.65
2003-09,United Kingdom,471.61
2003-12,United Kingdom,470.79
2004-03,United Kingdom,469.69
2004-06,United Kingdom,468.73
2004-09,United Kingdom,467.61
2004-12,United Kingdom,466.93
2005-03,United Kingdom,465.75
2005-06,United Kingdom,464.8
2005-09,United Kingdom,463.89
2005-12,United Kingdom,462.96
2006-03,United Kingdom,461.93
2006-06,United Kingdom,460.91
2006-09,United Kingdom,459.92
2006-12,United Kingdom,458.89
2007-03,United Kingdom,458.04
2007-06,United Kingdom,457.37
2007-09,United Kingdom,456.29
2007-12,United Kingdom,455.08
2008-03,United Kingdom,454.07
2008-06,United Kingdom,453.45
2008-09,United Kingdom,452.33
2008-12,United Kingdom,451.58
2009-03,United Kingdom,450.83
2009-06,United Kingdom,449.75
2009-09,United Kingdom,448.83
2009-12,United Kingdom,448.08
2010-03,United Kingdom,447.02
2010-06,United Kingdom,445.99
2010-09,United Kingdom,444.9
2010-12,United Kingdom,443.75
2011-03,United Kingdom,442.65
2011-06,United Kingdom,441.47
2011-09,United Kingdom,440.48
2011-12,United Kingdom,439.36
2012-03,United Kingdom,438.39
2012-06,United Kingdom,437.16
2012-09,United Kingdom,436.21
2012-12,United Kingdom,435.34
2013-03,United Kingdom,434.04
2013-06,United Kingdom,433.09
2013-09,United Kingdom,432.28
2013-12,United Kingdom,431.1
2014-03,United Kingdom,430.35
2014-06,United Kingdom,429.41
2014-09,United Kingdom,428.3
2014-12,United Kingdom,427.3
2015-03,United Kingdom,426.38
2015-06,United Kingdom,425.39
2015-09,United Kingdom,424.47
2015-12,United Kingdom,423.33
2016-03,United Kingdom,422.36
2016-06,United Kingdom,421.15
2016-09,United Kingdom,420.13
2016-12,United Kingdom,418.99
2017-03,United Kingdom,417.88
2017-06,United Kingdom,417.07
2017-09,United Kingdom,416.23
2017-12,United Kingdom,415.32
2018-03,United Kingdom,414.16
2018-06,United Kingdom,413.11
2018-09,United Kingdom,412.3
2018-12,United Kingdom,411.32
2019-03,United Kingdom,410.66
2019-06,United Kingdom,409.72
2019-09,United Kingdom,408.75
2019-12,United Kingdom,407.71
2020-03,United Kingdom,406.73
2020-06,United Kingdom,405.7
2020-09,United Kingdom,404.81
2020-12,United Kingdom,403.95
2021-03,United Kingdom,402.83
2021-06,United Kingdom,401.64
2021-09,United Kingdom,400.36
2021-12,United Kingdom,399.44
2022-03,United Kingdom,398.27
2022-06,United Kingdom,396.95
2022-09,United Kingdom,396.01
2022-12,United Kingdom,395.38
2023-03,United Kingdom,394.38
2023-06,United Kingdom,393.5
2023-09,United Kingdom,392.52
2023-12,United Kingdom,391.5
2024-03,United Kingdom,390.64
2024-06,United Kingdom,389.6
2024-09,United Kingdom,388.64
2024-12,United Kingdom,387.68
2000-03,Portugal,606.4
2000-06,Portugal,606.05
2000-09,Portugal,605.52
2000-12,Portugal,604.91
2001-03,Portugal,604.49
2001-06,Portugal,603.85
2001-09,Portugal,603.36
2001-12,Portugal,602.86
2002-03,Portugal,602.52
2002-06,Portugal,602.09
2002-09,Portugal,601.59
2002-12,Portugal,601.21
2003-03,Portugal,600.92
2003-06,Portugal,600.5
2003-09,Portugal,600.0
2003-12,Portugal,599.31
2004-03,Portugal,598.65
2004-06,Portugal,598.1
2004-09,Portugal,597.51
2004-12,Portugal,596.98
2005-03,Portugal,596.49
2005-06,Portugal,596.07
2005-09,Portugal,595.56
2005-12,Portugal,595.13
2006-03,Portugal,594.64
2006-06,Portugal,593.85
2006-09,Portugal,593.21
2006-12,Portugal,592.68
2007-03,Portugal,592.0
2007-06,Portugal,591.59
2007-09,Portugal,591.32
2007-12,Portugal,591.0
2008-03,Portugal,590.47
2008-06,Portugal,590.2
2008-09,Portugal,589.72
2008-12,Portugal,589.17
2009-03,Portugal,588.58
2009-06,Portugal,588.03
2009-09,Portugal,587.47
2009-12,Portugal,587.0
2010-03,Portugal,586.52
2010-06,Portugal,586.02
2010-09,Portugal,585.59
2010-12,Portugal,585.27
2011-03,Portugal,584.91
2011-06,Portugal,584.19
2011-09,Portugal,583.3
2011-12,Portugal,582.94
2012-03,Portugal,582.24
2012-06,Portugal,581.7
2012-09,Portugal,581.03
2012-12,Portugal,580.26
2013-03,Portugal,579.84
2013-06,Portugal,579.45
2013-09,Portugal,578.87
2013-12,Portugal,577.98
2014-03,Portugal,577.4
2014-06,Portugal,576.96
2014-09,Portugal,576.23
2014-12,Portugal,575.76
2015-03,Portugal,575.26
2015-06,Portugal,574.85
2015-09,Portugal,574.36
2015-12,Portugal,573.72
2016-03,Portugal,573.4
2016-06,Portugal,572.87
2016-09,Portugal,572.37
2016-12,Portugal,571.73
2017-03,Portugal,571.16
2017-06,Portugal,570.53
2017-09,Portugal,570.0
2017-12,Portugal,569.76
2018-03,Portugal,569.06
2018-06,Portugal,568.31
2018-09,Portugal,568.03
2018-12,Portugal,567.5
2019-03,Portugal,566.9
2019-06,Portugal,566.56
2019-09,Portugal,565.97
2019-12,Portugal,565.74
2020-03,Portugal,565.34
2020-06,Portugal,564.77
2020-09,Portugal,564.59
2020-12,Portugal,564.0
2021-03,Portugal,563.61
2021-06,Portugal,563.16
2021-09,Portugal,562.85
2021-12,Portugal,562.59
2022-03,Portugal,562.09
2022-06,Portugal,561.48
2022-09,Portugal,561.05
2022-12,Portugal,560.45
2023-03,Portugal,560.25
2023-06,Portugal,559.77
2023-09,Portugal,559.21
2023-12,Portugal,558.74
2024-03,Portugal,558.04
2024-06,Portugal,557.39
2024-09,Portugal,557.07
2024-12,Portugal,556.48
2000-03,Kazakhstan,54.22
2000-06,Kazakhstan,61.94
2000-09,Kazakhstan,73.55
2000-12,Kazakhstan,82.37
2001-03,Kazakhstan,92.84
2001-06,Kazakhstan,92.8
2001-09,Kazakhstan,88.77
2001-12,Kazakhstan,102.28
2002-03,Kazakhstan,104.84
2002-06,Kazakhstan,107.84
2002-09,Kazakhstan,120.31
2002-12,Kazakhstan,128.14
2003-03,Kazakhstan,135.38
2003-06,Kazakhstan,152.87
2003-09,Kazakhstan,153.51
2003-12,Kazakhstan,163.58
2004-03,Kazakhstan,168.42
2004-06,Kazakhstan,174.53
2004-09,Kazakhstan,188.2
2004-12,Kazakhstan,195.75
2005-03,Kazakhstan,203.48
2005-06,Kazakhstan,214.41
2005-09,Kazakhstan,216.72
2005-12,Kazakhstan,216.19
2006-03,Kazakhstan,214.42
2006-06,Kazakhstan,207.12
2006-09,Kazakhstan,223.96
2006-12,Kazakhstan,221.84
2007-03,Kazakhstan,225.01
2007-06,Kazakhstan,227.85
2007-09,Kazakhstan,234.19
2007-12,Kazakhstan,243.59
2008-03,Kazakhstan,253.25
2008-06,Kazakhstan,254.25
2008-09,Kazakhstan,257.75
2008-12,Kazakhstan,263.95
2009-03,Kazakhstan,266.95
2009-06,Kazakhstan,281.1
2009-09,Kazakhstan,288.54
2009-12,Kazakhstan,297.45
2010-03,Kazakhstan,305.93
2010-06,Kazakhstan,317.47
2010-09,Kazakhstan,323.06
2010-12,Kazakhstan,319.78
2011-03,Kazakhstan,326.67
2011-06,Kazakhstan,327.27
2011-09,Kazakhstan,328.59
2011-12,Kazakhstan,336.61
2012-03,Kazakhstan,348.54
2012-06,Kazakhstan,353.17
2012-09,Kazakhstan,359.52
2012-12,Kazakhstan,374.24
2013-03,Kazakhstan,380.18
2013-06,Kazakhstan,400.29
2013-09,Kazakhstan,408.18
2013-12,Kazakhstan,402.12
2014-03,Kazakhstan,411.14
2014-06,Kazakhstan,417.93
2014-09,Kazakhstan,430.16
2014-12,Kazakhstan,438.7
2015-03,Kazakhstan,442.37
2015-06,Kazakhstan,439.53
2015-09,Kazakhstan,442.77
2015-12,Kazakhstan,442.17
2016-03,Kazakhstan,443.19
2016-06,Kazakhstan,451.22
2016-09,Kazakhstan,465.74
2016-12,Kazakhstan,472.61
2017-03,Kazakhstan,469.93
2017-06,Kazakhstan,477.1
2017-09,Kazakhstan,488.78
2017-12,Kazakhstan,489.62
2018-03,Kazakhstan,493.32
2018-06,Kazakhstan,497.9
2018-09,Kazakhstan,497.69
2018-12,Kazakhstan,506.08
2019-03,Kazakhstan,509.86
2019-06,Kazakhstan,516.88
2019-09,Kazakhstan,516.05
2019-12,Kazakhstan,517.93
2020-03,Kazakhstan,526.76
2020-06,Kazakhstan,529.02
2020-09,Kazakhstan,543.88
2020-12,Kazakhstan,545.99
2021-03,Kazakhstan,551.83
2021-06,Kazakhstan,561.93
2021-09,Kazakhstan,557.92
2021-12,Kazakhstan,551.86
2022-03,Kazakhstan,547.2
2022-06,Kazakhstan,559.28
2022-09,Kazakhstan,560.47
2022-12,Kazakhstan,580.31
2023-03,Kazakhstan,581.43
2023-06,Kazakhstan,587.04
2023-09,Kazakhstan,600.79
2023-12,Kazakhstan,617.33
2024-03,Kazakhstan,634.19
2024-06,Kazakhstan,645.95
2024-09,Kazakhstan,656.59
2024-12,Kazakhstan,664.64
2000-03,Uzbekistan,64.24
2000-06,Uzbekistan,65.5
2000-09,Uzbekistan,64.77
2000-12,Uzbekistan,70.14
2001-03,Uzbekistan,74.27
2001-06,Uzbekistan,76.27
2001-09,Uzbekistan,86.89
2001-12,Uzbekistan,99.45
2002-03,Uzbekistan,105.52
2002-06,Uzbekistan,122.0
2002-09,Uzbekistan,118.84
2002-12,Uzbekistan,122.78
2003-03,Uzbekistan,122.81
2003-06,Uzbekistan,114.21
2003-09,Uzbekistan,118.99
2003-12,Uzbekistan,123.48
2004-03,Uzbekistan,140.23
2004-06,Uzbekistan,150.36
2004-09,Uzbekistan,148.08
2004-12,Uzbekistan,167.38
2005-03,Uzbekistan,181.94
2005-06,Uzbekistan,191.7
2005-09,Uzbekistan,195.41
2005-12,Uzbekistan,193.61
2006-03,Uzbekistan,196.22
2006-06,Uzbekistan,209.78
2006-09,Uzbekistan,229.32
2006-12,Uzbekistan,246.29
2007-03,Uzbekistan,248.03
2007-06,Uzbekistan,245.03
2007-09,Uzbekistan,251.49
2007-12,Uzbekistan,243.62
2008-03,Uzbekistan,251.45
2008-06,Uzbekistan,255.74
2008-09,Uzbekistan,257.64
2008-12,Uzbekistan,251.08
2009-03,Uzbekistan,260.34
2009-06,Uzbekistan,261.74
2009-09,Uzbekistan,258.37
2009-12,Uzbekistan,242.22
2010-03,Uzbekistan,247.42
2010-06,Uzbekistan,266.11
2010-09,Uzbekistan,283.97
2010-12,Uzbekistan,285.94
2011-03,Uzbekistan,286.82
2011-06,Uzbekistan,295.74
2011-09,Uzbekistan,293.65
2011-12,Uzbekistan,301.32
2012-03,Uzbekistan,312.46
2012-06,Uzbekistan,327.06
2012-09,Uzbekistan,331.71
2012-12,Uzbekistan,335.59
2013-03,Uzbekistan,334.4
2013-06,Uzbekistan,333.6
2013-09,Uzbekistan,337.3
2013-12,Uzbekistan,345.46
2014-03,Uzbekistan,357.71
2014-06,Uzbekistan,357.08
2014-09,Uzbekistan,373.68
2014-12,Uzbekistan,377.05
2015-03,Uzbekistan,382.28
2015-06,Uzbekistan,382.08
2015-09,Uzbekistan,369.3
2015-12,Uzbekistan,381.33
2016-03,Uzbekistan,392.26
2016-06,Uzbekistan,395.55
2016-09,Uzbekistan,401.45
2016-12,Uzbekistan,410.72
2017-03,Uzbekistan,404.4
2017-06,Uzbekistan,405.83
2017-09,Uzbekistan,417.19
2017-12,Uzbekistan,413.18
2018-03,Uzbekistan,420.78
2018-06,Uzbekistan,416.01
2018-09,Uzbekistan,424.91
2018-12,Uzbekistan,430.04
2019-03,Uzbekistan,423.33
2019-06,Uzbekistan,437.46
2019-09,Uzbekistan,437.35
2019-12,Uzbekistan,436.67
2020-03,Uzbekistan,443.58
2020-06,Uzbekistan,457.59
2020-09,Uzbekistan,455.37
2020-12,Uzbekistan,461.24
2021-03,Uzbekistan,469.85
2021-06,Uzbekistan,480.45
2021-09,Uzbekistan,487.18
2021-12,Uzbekistan,489.82
2022-03,Uzbekistan,489.02
2022-06,Uzbekistan,495.06
2022-09,Uzbekistan,492.42
2022-12,Uzbekistan,475.91
2023-03,Uzbekistan,484.58
2023-06,Uzbekistan,496.76
2023-09,Uzbekistan,484.44
2023-12,Uzbekistan,482.27
2024-03,Uzbekistan,492.31
2024-06,Uzbekistan,513.14
2024-09,Uzbekistan,518.7
2024-12,Uzbekistan,518.64
2000-03,Thailand,85.85
2000-06,Thailand,92.38
2000-09,Thailand,92.84
2000-12,Thailand,92.84
2001-03,Thailand,93.79
2001-06,Thailand,93.33
2001-09,Thailand,96.1
2001-12,Thailand,103.37
2002-03,Thailand,106.74
2002-06,Thailand,108.39
2002-09,Thailand,109.91
2002-12,Thailand,107.62
2003-03,Thailand,112.67
2003-06,Thailand,114.84
2003-09,Thailand,116.7
2003-12,Thailand,128.68
2004-03,Thailand,131.97
2004-06,Thailand,132.12
2004-09,Thailand,133.24
2004-12,Thailand,139.08
2005-03,Thailand,141.82
2005-06,Thailand,139.91
2005-09,Thailand,145.06
2005-12,Thailand,145.46
2006-03,Thailand,153.48
2006-06,Thailand,159.12
2006-09,Thailand,160.18
2006-12,Thailand,166.42
2007-03,Thailand,169.03
2007-06,Thailand,173.98
2007-09,Thailand,177.84
2007-12,Thailand,177.7
2008-03,Thailand,178.17
2008-06,Thailand,183.66
2008-09,Thailand,185.05
2008-12,Thailand,186.24
2009-03,Thailand,185.78
2009-06,Thailand,189.45
2009-09,Thailand,198.04
2009-12,Thailand,197.23
2010-03,Thailand,199.71
2010-06,Thailand,206.34
2010-09,Thailand,208.5
2010-12,Thailand,212.26
2011-03,Thailand,211.47
2011-06,Thailand,215.16
2011-09,Thailand,217.0
2011-12,Thailand,222.35
2012-03,Thailand,228.32
2012-06,Thailand,238.48
2012-09,Thailand,242.62
2012-12,Thailand,246.0
2013-03,Thailand,248.98
2013-06,Thailand,250.32
2013-09,Thailand,253.74
2013-12,Thailand,255.25
2014-03,Thailand,258.16
2014-06,Thailand,264.51
2014-09,Thailand,263.89
2014-12,Thailand,269.71
2015-03,Thailand,276.06
2015-06,Thailand,278.11
2015-09,Thailand,274.14
2015-12,Thailand,274.72
2016-03,Thailand,281.01
2016-06,Thailand,283.34
2016-09,Thailand,282.74
2016-12,Thailand,283.63
2017-03,Thailand,288.55
2017-06,Thailand,292.59
2017-09,Thailand,294.28
2017-12,Thailand,295.58
2018-03,Thailand,296.8
2018-06,Thailand,296.43
2018-09,Thailand,303.68
2018-12,Thailand,305.11
2019-03,Thailand,311.16
2019-06,Thailand,318.13
2019-09,Thailand,323.52
2019-12,Thailand,324.63
2020-03,Thailand,328.24
2020-06,Thailand,330.57
2020-09,Thailand,330.25
2020-12,Thailand,333.63
2021-03,Thailand,332.49
2021-06,Thailand,338.45
2021-09,Thailand,339.46
2021-12,Thailand,342.46
2022-03,Thailand,345.71
2022-06,Thailand,347.34
2022-09,Thailand,351.5
2022-12,Thailand,352.47
2023-03,Thailand,357.49
2023-06,Thailand,355.85
2023-09,Thailand,358.63
2023-12,Thailand,366.84
2024-03,Thailand,366.24
2024-06,Thailand,366.61
2024-09,Thailand,370.55
2024-12,Thailand,373.49
2000-03,Singapore,128.73
2000-06,Singapore,130.66
2000-09,Singapore,132.81
2000-12,Singapore,135.68
2001-03,Singapore,137.49
2001-06,Singapore,138.33
2001-09,Singapore,140.54
2001-12,Singapore,144.59
2002-03,Singapore,145.59
2002-06,Singapore,145.33
2002-09,Singapore,148.19
2002-12,Singapore,149.21
2003-03,Singapore,147.15
2003-06,Singapore,149.62
2003-09,Singapore,150.02
2003-12,Singapore,151.08
2004-03,Singapore,152.78
2004-06,Singapore,154.26
2004-09,Singapore,156.53
2004-12,Singapore,157.08
2005-03,Singapore,159.04
2005-06,Singapore,159.86
2005-09,Singapore,162.16
2005-12,Singapore,164.29
2006-03,Singapore,164.08
2006-06,Singapore,166.91
2006-09,Singapore,167.31
2006-12,Singapore,169.72
2007-03,Singapore,171.47
2007-06,Singapore,175.43
2007-09,Singapore,176.29
2007-12,Singapore,176.97
2008-03,Singapore,178.14
2008-06,Singapore,178.89
2008-09,Singapore,181.29
2008-12,Singapore,180.06
2009-03,Singapore,179.68
2009-06,Singapore,179.28
2009-09,Singapore,181.9
2009-12,Singapore,185.67
2010-03,Singapore,186.71
2010-06,Singapore,187.66
2010-09,Singapore,188.97
2010-12,Singapore,191.91
2011-03,Singapore,191.72
2011-06,Singapore,193.28
2011-09,Singapore,195.94
2011-12,Singapore,197.89
2012-03,Singapore,199.37
2012-06,Singapore,202.08
2012-09,Singapore,199.22
2012-12,Singapore,201.44
2013-03,Singapore,201.66
2013-06,Singapore,200.11
2013-09,Singapore,202.08
2013-12,Singapore,205.34
2014-03,Singapore,206.33
2014-06,Singapore,208.96
2014-09,Singapore,212.58
2014-12,Singapore,215.75
2015-03,Singapore,219.41
2015-06,Singapore,221.72
2015-09,Singapore,223.04
2015-12,Singapore,221.83
2016-03,Singapore,222.67
2016-06,Singapore,222.6
2016-09,Singapore,227.06
2016-12,Singapore,227.99
2017-03,Singapore,229.38
2017-06,Singapore,231.41
2017-09,Singapore,232.67
2017-12,Singapore,236.41
2018-03,Singapore,236.68
2018-06,Singapore,238.17
2018-09,Singapore,238.26
2018-12,Singapore,237.48
2019-03,Singapore,237.76
2019-06,Singapore,238.9
2019-09,Singapore,239.46
2019-12,Singapore,239.62
2020-03,Singapore,238.71
2020-06,Singapore,239.79
2020-09,Singapore,238.73
2020-12,Singapore,241.07
2021-03,Singapore,242.39
2021-06,Singapore,241.41
2021-09,Singapore,242.14
2021-12,Singapore,242.22
2022-03,Singapore,243.89
2022-06,Singapore,247.11
2022-09,Singapore,245.49
2022-12,Singapore,246.87
2023-03,Singapore,247.83
2023-06,Singapore,250.03
2023-09,Singapore,251.55
2023-12,Singapore,251.62
2024-03,Singapore,252.35
2024-06,Singapore,252.35
2024-09,Singapore,255.17
2024-12,Singapore,256.4
2000-03,Czech Republic,27.06
2000-06,Czech Republic,31.28
2000-09,Czech Republic,32.59
2000-12,Czech Republic,30.28
2001-03,Czech Republic,26.67
2001-06,Czech Republic,24.04
2001-09,Czech Republic,29.74
2001-12,Czech Republic,36.53
2002-03,Czech Republic,33.92
2002-06,Czech Republic,42.44
2002-09,Czech Republic,44.77
2002-12,Czech Republic,49.93
2003-03,Czech Republic,61.69
2003-06,Czech Republic,70.22
2003-09,Czech Republic,73.51
2003-12,Czech Republic,74.0
2004-03,Czech Republic,68.82
2004-06,Czech Republic,70.08
2004-09,Czech Republic,73.63
2004-12,Czech Republic,73.69
2005-03,Czech Republic,77.6
2005-06,Czech Republic,82.45
2005-09,Czech Republic,85.93
2005-12,Czech Republic,87.51
2006-03,Czech Republic,92.77
2006-06,Czech Republic,99.26
2006-09,Czech Republic,98.85
2006-12,Czech Republic,109.7
2007-03,Czech Republic,113.76
2007-06,Czech Republic,118.34
2007-09,Czech Republic,126.03
2007-12,Czech Republic,131.58
2008-03,Czech Republic,140.37
2008-06,Czech Republic,146.16
2008-09,Czech Republic,147.9
2008-12,Czech Republic,154.03
2009-03,Czech Republic,153.38
2009-06,Czech Republic,158.37
2009-09,Czech Republic,162.72
2009-12,Czech Republic,166.28
2010-03,Czech Republic,170.21
2010-06,Czech Republic,166.24
2010-09,Czech Republic,168.27
2010-12,Czech Republic,173.19
2011-03,Czech Republic,178.41
2011-06,Czech Republic,178.28
2011-09,Czech Republic,188.48
2011-12,Czech Republic,189.08
2012-03,Czech Republic,197.94
2012-06,Czech Republic,204.36
2012-09,Czech Republic,205.96
2012-12,Czech Republic,218.44
2013-03,Czech Republic,217.57
2013-06,Czech Republic,226.21
2013-09,Czech Republic,235.21
2013-12,Czech Republic,236.69
2014-03,Czech Republic,247.46
2014-06,Czech Republic,250.84
2014-09,Czech Republic,256.63
2014-12,Czech Republic,262.31
2015-03,Czech Republic,266.2
2015-06,Czech Republic,274.35
2015-09,Czech Republic,282.42
2015-12,Czech Republic,279.05
2016-03,Czech Republic,289.42
2016-06,Czech Republic,286.44
2016-09,Czech Republic,295.59
2016-12,Czech Republic,305.16
2017-03,Czech Republic,304.75
2017-06,Czech Republic,307.4
2017-09,Czech Republic,306.92
2017-12,Czech Republic,310.46
2018-03,Czech Republic,313.57
2018-06,Czech Republic,321.58
2018-09,Czech Republic,331.98
2018-12,Czech Republic,342.76
2019-03,Czech Republic,344.73
2019-06,Czech Republic,348.28
2019-09,Czech Republic,345.21
2019-12,Czech Republic,346.08
2020-03,Czech Republic,354.92
2020-06,Czech Republic,366.69
2020-09,Czech Republic,365.64
2020-12,Czech Republic,367.47
2021-03,Czech Republic,371.86
2021-06,Czech Republic,377.62
2021-09,Czech Republic,378.47
2021-12,Czech Republic,384.88
2022-03,Czech Republic,387.25
2022-06,Czech Republic,391.68
2022-09,Czech Republic,398.64
2022-12,Czech Republic,403.17
2023-03,Czech Republic,405.71
2023-06,Czech Republic,409.71
2023-09,Czech Republic,413.82
2023-12,Czech Republic,416.65
2024-03,Czech Republic,419.99
2024-06,Czech Republic,431.68
2024-09,Czech Republic,438.7
2024-12,Czech Republic,441.87
2000-03,Hungary,6.59
2000-06,Hungary,7.09
2000-09,Hungary,12.11
2000-12,Hungary,14.72
2001-03,Hungary,15.9
2001-06,Hungary,18.74
2001-09,Hungary,15.53
2001-12,Hungary,13.65
2002-03,Hungary,11.56
2002-06,Hungary,13.49
2002-09,Hungary,20.19
2002-12,Hungary,28.38
2003-03,Hungary,31.8
2003-06,Hungary,34.8
2003-09,Hungary,30.9
2003-12,Hungary,30.77
2004-03,Hungary,29.91
2004-06,Hungary,29.54
2004-09,Hungary,30.54
2004-12,Hungary,30.62
2005-03,Hungary,26.19
2005-06,Hungary,29.93
2005-09,Hungary,28.21
2005-12,Hungary,30.43
2006-03,Hungary,38.15
2006-06,Hungary,36.89
2006-09,Hungary,30.8
2006-12,Hungary,31.44
2007-03,Hungary,36.25
2007-06,Hungary,43.62
2007-09,Hungary,41.43
2007-12,Hungary,44.42
2008-03,Hungary,44.53
2008-06,Hungary,45.71
2008-09,Hungary,55.14
2008-12,Hungary,52.13
2009-03,Hungary,54.39
2009-06,Hungary,57.3
2009-09,Hungary,62.06
2009-12,Hungary,63.85
2010-03,Hungary,66.27
2010-06,Hungary,66.6
2010-09,Hungary,68.91
2010-12,Hungary,69.38
2011-03,Hungary,72.74
2011-06,Hungary,73.13
2011-09,Hungary,75.76
2011-12,Hungary,77.18
2012-03,Hungary,82.05
2012-06,Hungary,83.4
2012-09,Hungary,79.58
2012-12,Hungary,84.87
2013-03,Hungary,83.65
2013-06,Hungary,83.19
2013-09,Hungary,82.9
2013-12,Hungary,88.52
2014-03,Hungary,83.62
2014-06,Hungary,94.53
2014-09,Hungary,99.2
2014-12,Hungary,101.37
2015-03,Hungary,102.7
2015-06,Hungary,105.06
2015-09,Hungary,108.12
2015-12,Hungary,111.56
2016-03,Hungary,114.73
2016-06,Hungary,116.49
2016-09,Hungary,117.4
2016-12,Hungary,118.45
2017-03,Hungary,119.36
2017-06,Hungary,124.27
2017-09,Hungary,127.55
2017-12,Hungary,120.23
2018-03,Hungary,123.69
2018-06,Hungary,125.78
2018-09,Hungary,127.22
2018-12,Hungary,127.56
2019-03,Hungary,132.43
2019-06,Hungary,136.77
2019-09,Hungary,135.95
2019-12,Hungary,138.67
2020-03,Hungary,137.26
2020-06,Hungary,134.62
2020-09,Hungary,134.24
2020-12,Hungary,138.33
2021-03,Hungary,142.69
2021-06,Hungary,145.72
2021-09,Hungary,149.4
2021-12,Hungary,152.45
2022-03,Hungary,152.02
2022-06,Hungary,154.82
2022-09,Hungary,158.72
2022-12,Hungary,162.48
2023-03,Hungary,167.55
2023-06,Hungary,171.18
2023-09,Hungary,173.73
2023-12,Hungary,178.44
2024-03,Hungary,179.86
2024-06,Hungary,178.72
2024-09,Hungary,179.73
2024-12,Hungary,178.99
2000-03,Qatar,11.89
2000-06,Qatar,12.57
2000-09,Qatar,12.28
2000-12,Qatar,12.72
2001-03,Qatar,10.78
2001-06,Qatar,12.0
2001-09,Qatar,12.9
2001-12,Qatar,12.58
2002-03,Qatar,14.46
2002-06,Qatar,16.77
2002-09,Qatar,15.26
2002-12,Qatar,15.02
2003-03,Qatar,14.76
2003-06,Qatar,14.25
2003-09,Qatar,16.4
2003-12,Qatar,17.01
2004-03,Qatar,17.51
2004-06,Qatar,15.4
2004-09,Qatar,17.26
2004-12,Qatar,16.3
2005-03,Qatar,17.29
2005-06,Qatar,18.6
2005-09,Qatar,21.54
2005-12,Qatar,20.48
2006-03,Qatar,16.85
2006-06,Qatar,18.03
2006-09,Qatar,21.63
2006-12,Qatar,24.39
2007-03,Qatar,25.6
2007-06,Qatar,25.76
2007-09,Qatar,27.87
2007-12,Qatar,27.31
2008-03,Qatar,28.93
2008-06,Qatar,30.59
2008-09,Qatar,33.08
2008-12,Qatar,38.12
2009-03,Qatar,39.6
2009-06,Qatar,39.74
2009-09,Qatar,40.6
2009-12,Qatar,38.85
2010-03,Qatar,38.71
2010-06,Qatar,38.99
2010-09,Qatar,39.11
2010-12,Qatar,40.24
2011-03,Qatar,39.9
2011-06,Qatar,42.48
2011-09,Qatar,43.38
2011-12,Qatar,44.27
2012-03,Qatar,44.68
2012-06,Qatar,45.81
2012-09,Qatar,47.95
2012-12,Qatar,47.55
2013-03,Qatar,47.46
2013-06,Qatar,47.91
2013-09,Qatar,46.79
2013-12,Qatar,46.46
2014-03,Qatar,46.64
2014-06,Qatar,48.85
2014-09,Qatar,50.15
2014-12,Qatar,51.34
2015-03,Qatar,53.52
2015-06,Qatar,54.21
2015-09,Qatar,55.7
2015-12,Qatar,56.44
2016-03,Qatar,57.74
2016-06,Qatar,57.76
2016-09,Qatar,55.01
2016-12,Qatar,55.7
2017-03,Qatar,58.74
2017-06,Qatar,61.03
2017-09,Qatar,63.38
2017-12,Qatar,66.13
2018-03,Qatar,67.16
2018-06,Qatar,68.36
2018-09,Qatar,68.33
2018-12,Qatar,68.76
2019-03,Qatar,70.58
2019-06,Qatar,73.29
2019-09,Qatar,73.98
2019-12,Qatar,74.2
2020-03,Qatar,75.1
2020-06,Qatar,76.91
2020-09,Qatar,75.64
2020-12,Qatar,73.1
2021-03,Qatar,73.17
2021-06,Qatar,72.24
2021-09,Qatar,72.38
2021-12,Qatar,73.06
2022-03,Qatar,73.28
2022-06,Qatar,76.35
2022-09,Qatar,77.74
2022-12,Qatar,79.1
2023-03,Qatar,80.93
2023-06,Qatar,80.12
2023-09,Qatar,82.58
2023-12,Qatar,83.37
2024-03,Qatar,85.27
2024-06,Qatar,84.56
2024-09,Qatar,83.13
2024-12,Qatar,85.26
2000-03,Saudi Arabia,143.34
2000-06,Saudi Arabia,142.53
2000-09,Saudi Arabia,141.74
2000-12,Saudi Arabia,142.76
2001-03,Saudi Arabia,141.69
2001-06,Saudi Arabia,143.17
2001-09,Saudi Arabia,142.35
2001-12,Saudi Arabia,142.93
2002-03,Saudi Arabia,142.63
2002-06,Saudi Arabia,143.18
2002-09,Saudi Arabia,142.69
2002-12,Saudi Arabia,142.54
2003-03,Saudi Arabia,142.58
2003-06,Saudi Arabia,141.67
2003-09,Saudi Arabia,142.34
2003-12,Saudi Arabia,141.88
2004-03,Saudi Arabia,141.67
2004-06,Saudi Arabia,140.78
2004-09,Saudi Arabia,138.47
2004-12,Saudi Arabia,138.3
2005-03,Saudi Arabia,140.47
2005-06,Saudi Arabia,141.18
2005-09,Saudi Arabia,141.16
2005-12,Saudi Arabia,140.92
2006-03,Saudi Arabia,140.94
2006-06,Saudi Arabia,141.44
2006-09,Saudi Arabia,140.37
2006-12,Saudi Arabia,141.38
2007-03,Saudi Arabia,142.02
2007-06,Saudi Arabia,142.67
2007-09,Saudi Arabia,143.06
2007-12,Saudi Arabia,143.08
2008-03,Saudi Arabia,143.69
2008-06,Saudi Arabia,144.22
2008-09,Saudi Arabia,143.9
2008-12,Saudi Arabia,143.38
2009-03,Saudi Arabia,143.47
2009-06,Saudi Arabia,144.87
2009-09,Saudi Arabia,143.75
2009-12,Saudi Arabia,142.43
2010-03,Saudi Arabia,142.58
2010-06,Saudi Arabia,142.63
2010-09,Saudi Arabia,142.78
2010-12,Saudi Arabia,143.0
2011-03,Saudi Arabia,142.8
2011-06,Saudi Arabia,144.14
2011-09,Saudi Arabia,142.7
2011-12,Saudi Arabia,141.96
2012-03,Saudi Arabia,141.86
2012-06,Saudi Arabia,140.38
2012-09,Saudi Arabia,140.23
2012-12,Saudi Arabia,141.72
2013-03,Saudi Arabia,141.74
2013-06,Saudi Arabia,141.95
2013-09,Saudi Arabia,140.81
2013-12,Saudi Arabia,140.26
2014-03,Saudi Arabia,139.92
2014-06,Saudi Arabia,139.64
2014-09,Saudi Arabia,140.79
2014-12,Saudi Arabia,141.29
2015-03,Saudi Arabia,140.29
2015-06,Saudi Arabia,140.51
2015-09,Saudi Arabia,140.96
2015-12,Saudi Arabia,141.99
2016-03,Saudi Arabia,143.41
2016-06,Saudi Arabia,142.5
2016-09,Saudi Arabia,141.77
2016-12,Saudi Arabia,140.63
2017-03,Saudi Arabia,140.42
2017-06,Saudi Arabia,140.84
2017-09,Saudi Arabia,141.73
2017-12,Saudi Arabia,141.66
2018-03,Saudi Arabia,141.38
2018-06,Saudi Arabia,141.51
2018-09,Saudi Arabia,140.76
2018-12,Saudi Arabia,142.64
2019-03,Saudi Arabia,141.19
2019-06,Saudi Arabia,141.36
2019-09,Saudi Arabia,143.18
2019-12,Saudi Arabia,143.19
2020-03,Saudi Arabia,143.02
2020-06,Saudi Arabia,142.7
2020-09,Saudi Arabia,142.53
2020-12,Saudi Arabia,143.77
2021-03,Saudi Arabia,141.78
2021-06,Saudi Arabia,143.16
2021-09,Saudi Arabia,141.88
2021-12,Saudi Arabia,141.64
2022-03,Saudi Arabia,141.25
2022-06,Saudi Arabia,141.78
2022-09,Saudi Arabia,140.34
2022-12,Saudi Arabia,140.76
2023-03,Saudi Arabia,142.58
2023-06,Saudi Arabia,141.35
2023-09,Saudi Arabia,141.52
2023-12,Saudi Arabia,140.93
2024-03,Saudi Arabia,141.31
2024-06,Saudi Arabia,141.33
2024-09,Saudi Arabia,140.75
2024-12,Saudi Arabia,141.19
2000-03,Australia,80.27
2000-06,Australia,80.24
2000-09,Australia,80.35
2000-12,Australia,80.16
2001-03,Australia,80.01
2001-06,Australia,80.08
2001-09,Australia,80.31
2001-12,Australia,80.36
2002-03,Australia,80.31
2002-06,Australia,80.31
2002-09,Australia,80.12
2002-12,Australia,80.22
2003-03,Australia,80.35
2003-06,Australia,80.28
2003-09,Australia,80.21
2003-12,Australia,80.25
2004-03,Australia,80.18
2004-06,Australia,80.17
2004-09,Australia,80.49
2004-12,Australia,80.45
2005-03,Australia,80.4
2005-06,Australia,80.3
2005-09,Australia,80.41
2005-12,Australia,80.39
2006-03,Australia,80.29
2006-06,Australia,80.49
2006-09,Australia,80.7
2006-12,Australia,80.61
2007-03,Australia,80.33
2007-06,Australia,80.48
2007-09,Australia,80.38
2007-12,Australia,80.5
2008-03,Australia,80.2
2008-06,Australia,80.33
2008-09,Australia,80.15
2008-12,Australia,80.26
2009-03,Australia,80.26
2009-06,Australia,80.12
2009-09,Australia,80.06
2009-12,Australia,80.16
2010-03,Australia,80.18
2010-06,Australia,80.27
2010-09,Australia,80.56
2010-12,Australia,80.33
2011-03,Australia,80.57
2011-06,Australia,80.59
2011-09,Australia,80.45
2011-12,Australia,80.25
2012-03,Australia,80.22
2012-06,Australia,80.36
2012-09,Australia,80.34
2012-12,Australia,80.57
2013-03,Australia,80.35
2013-06,Australia,80.35
2013-09,Australia,80.16
2013-12,Australia,80.22
2014-03,Australia,80.35
2014-06,Australia,80.29
2014-09,Australia,79.9
2014-12,Australia,79.93
2015-03,Australia,79.99
2015-06,Australia,80.05
2015-09,Australia,80.24
2015-12,Australia,80.08
2016-03,Australia,80.18
2016-06,Australia,80.36
2016-09,Australia,80.09
2016-12,Australia,80.14
2017-03,Australia,80.06
2017-06,Australia,80.05
2017-09,Australia,80.1
2017-12,Australia,80.03
2018-03,Australia,79.93
2018-06,Australia,79.93
2018-09,Australia,79.77
2018-12,Australia,79.61
2019-03,Australia,79.71
2019-06,Australia,79.54
2019-09,Australia,79.64
2019-12,Australia,79.71
2020-03,Australia,79.45
2020-06,Australia,79.35
2020-09,Australia,79.53
2020-12,Australia,79.38
2021-03,Australia,79.31
2021-06,Australia,79.38
2021-09,Australia,79.5
2021-12,Australia,79.46
2022-03,Australia,79.37
2022-06,Australia,79.58
2022-09,Australia,79.84
2022-12,Australia,79.99
2023-03,Australia,80.0
2023-06,Australia,79.88
2023-09,Australia,79.76
2023-12,Australia,79.83
2024-03,Australia,79.9
2024-06,Australia,80.11
2024-09,Australia,80.21
2024-12,Australia,79.98
2000-03,Sweden,184.86
2000-06,Sweden,184.41
2000-09,Sweden,184.05
2000-12,Sweden,183.79
2001-03,Sweden,183.79
2001-06,Sweden,183.95
2001-09,Sweden,183.74
2001-12,Sweden,183.42
2002-03,Sweden,183.2
2002-06,Sweden,183.03
2002-09,Sweden,182.68
2002-12,Sweden,182.65
2003-03,Sweden,182.39
2003-06,Sweden,182.16
2003-09,Sweden,181.96
2003-12,Sweden,181.72
2004-03,Sweden,181.55
2004-06,Sweden,181.16
2004-09,Sweden,180.77
2004-12,Sweden,180.31
2005-03,Sweden,180.07
2005-06,Sweden,179.89
2005-09,Sweden,179.66
2005-12,Sweden,179.61
2006-03,Sweden,179.31
2006-06,Sweden,179.11
2006-09,Sweden,178.65
2006-12,Sweden,178.29
2007-03,Sweden,178.09
2007-06,Sweden,177.92
2007-09,Sweden,177.58
2007-12,Sweden,177.27
2008-03,Sweden,176.74
2008-06,Sweden,176.38
2008-09,Sweden,176.22
2008-12,Sweden,176.0
2009-03,Sweden,175.78
2009-06,Sweden,175.49
2009-09,Sweden,175.19
2009-12,Sweden,174.79
2010-03,Sweden,174.59
2010-06,Sweden,174.36
2010-09,Sweden,174.13
2010-12,Sweden,173.75
2011-03,Sweden,173.13
2011-06,Sweden,172.99
2011-09,Sweden,172.62
2011-12,Sweden,172.19
2012-03,Sweden,172.0
2012-06,Sweden,171.64
2012-09,Sweden,171.5
2012-12,Sweden,171.29
2013-03,Sweden,171.09
2013-06,Sweden,170.59
2013-09,Sweden,170.47
2013-12,Sweden,170.21
2014-03,Sweden,169.85
2014-06,Sweden,169.57
2014-09,Sweden,169.01
2014-12,Sweden,168.77
2015-03,Sweden,168.31
2015-06,Sweden,167.81
2015-09,Sweden,167.28
2015-12,Sweden,167.15
2016-03,Sweden,166.76
2016-06,Sweden,166.69
2016-09,Sweden,166.31
2016-12,Sweden,165.75
2017-03,Sweden,165.28
2017-06,Sweden,165.17
2017-09,Sweden,164.84
2017-12,Sweden,164.46
2018-03,Sweden,164.19
2018-06,Sweden,163.96
2018-09,Sweden,163.83
2018-12,Sweden,163.75
2019-03,Sweden,163.39
2019-06,Sweden,162.89
2019-09,Sweden,162.53
2019-12,Sweden,162.27
2020-03,Sweden,161.82
2020-06,Sweden,161.38
2020-09,Sweden,161.13
2020-12,Sweden,160.83
2021-03,Sweden,160.53
2021-06,Sweden,160.12
2021-09,Sweden,159.78
2021-12,Sweden,159.34
2022-03,Sweden,159.18
2022-06,Sweden,159.03
2022-09,Sweden,158.46
2022-12,Sweden,158.02
2023-03,Sweden,157.49
2023-06,Sweden,157.09
2023-09,Sweden,156.78
2023-12,Sweden,156.26
2024-03,Sweden,155.83
2024-06,Sweden,155.38
2024-09,Sweden,155.11
2024-12,Sweden,154.82
2000-03,Mexico,6.82
2000-06,Mexico,7.98
2000-09,Mexico,8.06
2000-12,Mexico,8.56
2001-03,Mexico,11.97
2001-06,Mexico,14.88
2001-09,Mexico,13.83
2001-12,Mexico,15.97
2002-03,Mexico,18.09
2002-06,Mexico,17.27
2002-09,Mexico,19.39
2002-12,Mexico,22.6
2003-03,Mexico,21.82
2003-06,Mexico,21.34
2003-09,Mexico,23.77
2003-12,Mexico,25.07
2004-03,Mexico,26.8
2004-06,Mexico,28.21
2004-09,Mexico,29.7
2004-12,Mexico,28.61
2005-03,Mexico,31.08
2005-06,Mexico,33.73
2005-09,Mexico,34.29
2005-12,Mexico,35.13
2006-03,Mexico,33.73
2006-06,Mexico,35.4
2006-09,Mexico,37.16
2006-12,Mexico,37.96
2007-03,Mexico,40.55
2007-06,Mexico,40.95
2007-09,Mexico,42.7
2007-12,Mexico,42.07
2008-03,Mexico,42.93
2008-06,Mexico,43.57
2008-09,Mexico,44.81
2008-12,Mexico,45.15
2009-03,Mexico,45.86
2009-06,Mexico,48.0
2009-09,Mexico,48.24
2009-12,Mexico,46.73
2010-03,Mexico,50.26
2010-06,Mexico,53.23
2010-09,Mexico,52.19
2010-12,Mexico,54.12
2011-03,Mexico,54.27
2011-06,Mexico,55.56
2011-09,Mexico,56.91
2011-12,Mexico,57.45
2012-03,Mexico,57.18
2012-06,Mexico,57.04
2012-09,Mexico,56.57
2012-12,Mexico,56.22
2013-03,Mexico,57.02
2013-06,Mexico,56.85
2013-09,Mexico,58.77
2013-12,Mexico,61.9
2014-03,Mexico,61.93
2014-06,Mexico,63.19
2014-09,Mexico,64.84
2014-12,Mexico,66.45
2015-03,Mexico,67.46
2015-06,Mexico,69.47
2015-09,Mexico,71.1
2015-12,Mexico,70.14
2016-03,Mexico,72.35
2016-06,Mexico,74.58
2016-09,Mexico,74.33
2016-12,Mexico,75.29
2017-03,Mexico,77.21
2017-06,Mexico,77.8
2017-09,Mexico,80.31
2017-12,Mexico,84.75
2018-03,Mexico,84.48
2018-06,Mexico,83.3
2018-09,Mexico,84.66
2018-12,Mexico,86.64
2019-03,Mexico,87.2
2019-06,Mexico,90.28
2019-09,Mexico,89.17
2019-12,Mexico,91.11
2020-03,Mexico,91.1
2020-06,Mexico,94.58
2020-09,Mexico,98.47
2020-12,Mexico,98.22
2021-03,Mexico,98.29
2021-06,Mexico,100.48
2021-09,Mexico,100.8
2021-12,Mexico,101.63
2022-03,Mexico,102.57
2022-06,Mexico,100.59
2022-09,Mexico,101.47
2022-12,Mexico,101.34
2023-03,Mexico,101.5
2023-06,Mexico,104.56
2023-09,Mexico,103.58
2023-12,Mexico,105.7
2024-03,Mexico,106.18
2024-06,Mexico,106.66
2024-09,Mexico,108.74
2024-12,Mexico,110.15
2000-03,Egypt,76.81
2000-06,Egypt,77.98
2000-09,Egypt,77.99
2000-12,Egypt,77.74
2001-03,Egypt,77.06
2001-06,Egypt,76.62
2001-09,Egypt,79.57
2001-12,Egypt,80.99
2002-03,Egypt,80.07
2002-06,Egypt,79.18
2002-09,Egypt,79.92
2002-12,Egypt,80.71
2003-03,Egypt,81.5
2003-06,Egypt,81.58
2003-09,Egypt,81.76
2003-12,Egypt,82.36
2004-03,Egypt,82.73
2004-06,Egypt,81.04
2004-09,Egypt,81.13
2004-12,Egypt,80.66
2005-03,Egypt,81.12
2005-06,Egypt,84.11
2005-09,Egypt,84.74
2005-12,Egypt,84.76
2006-03,Egypt,85.89
2006-06,Egypt,86.62
2006-09,Egypt,87.3
2006-12,Egypt,88.15
2007-03,Egypt,90.3
2007-06,Egypt,89.58
2007-09,Egypt,90.3
2007-12,Egypt,89.77
2008-03,Egypt,90.57
2008-06,Egypt,90.04
2008-09,Egypt,89.97
2008-12,Egypt,90.0
2009-03,Egypt,91.18
2009-06,Egypt,92.31
2009-09,Egypt,91.49
2009-12,Egypt,91.84
2010-03,Egypt,91.5
2010-06,Egypt,90.66
2010-09,Egypt,90.77
2010-12,Egypt,90.79
2011-03,Egypt,93.28
2011-06,Egypt,93.97
2011-09,Egypt,93.03
2011-12,Egypt,92.82
2012-03,Egypt,94.04
2012-06,Egypt,96.22
2012-09,Egypt,95.09
2012-12,Egypt,93.7
2013-03,Egypt,95.68
2013-06,Egypt,96.33
2013-09,Egypt,95.85
2013-12,Egypt,96.63
2014-03,Egypt,94.56
2014-06,Egypt,94.86
2014-09,Egypt,95.46
2014-12,Egypt,96.59
2015-03,Egypt,95.98
2015-06,Egypt,96.35
2015-09,Egypt,95.82
2015-12,Egypt,96.35
2016-03,Egypt,95.84
2016-06,Egypt,95.78
2016-09,Egypt,95.18
2016-12,Egypt,96.07
2017-03,Egypt,97.14
2017-06,Egypt,97.23
2017-09,Egypt,97.56
2017-12,Egypt,96.56
2018-03,Egypt,96.59
2018-06,Egypt,96.84
2018-09,Egypt,99.5
2018-12,Egypt,98.8
2019-03,Egypt,100.42
2019-06,Egypt,101.62
2019-09,Egypt,102.17
2019-12,Egypt,104.05
2020-03,Egypt,104.69
2020-06,Egypt,105.34
2020-09,Egypt,105.59
2020-12,Egypt,106.99
2021-03,Egypt,108.28
2021-06,Egypt,108.01
2021-09,Egypt,107.13
2021-12,Egypt,107.24
2022-03,Egypt,106.82
2022-06,Egypt,107.07
2022-09,Egypt,108.48
2022-12,Egypt,108.37
2023-03,Egypt,108.63
2023-06,Egypt,108.98
2023-09,Egypt,110.05
2023-12,Egypt,108.32
2024-03,Egypt,108.08
2024-06,Egypt,108.57
2024-09,Egypt,109.95
2024-12,Egypt,109.81
2000-03,Philippines,243.89
2000-06,Philippines,244.51
2000-09,Philippines,243.26
2000-12,Philippines,241.18
2001-03,Philippines,239.94
2001-06,Philippines,239.36
2001-09,Philippines,238.16
2001-12,Philippines,234.55
2002-03,Philippines,235.59
2002-06,Philippines,237.21
2002-09,Philippines,237.88
2002-12,Philippines,235.88
2003-03,Philippines,235.27
2003-06,Philippines,234.97
2003-09,Philippines,235.56
2003-12,Philippines,236.27
2004-03,Philippines,234.86
2004-06,Philippines,234.69
2004-09,Philippines,235.07
2004-12,Philippines,236.96
2005-03,Philippines,237.71
2005-06,Philippines,238.6
2005-09,Philippines,238.42
2005-12,Philippines,240.24
2006-03,Philippines,240.55
2006-06,Philippines,238.96
2006-09,Philippines,240.77
2006-12,Philippines,241.51
2007-03,Philippines,240.55
2007-06,Philippines,239.53
2007-09,Philippines,239.67
2007-12,Philippines,240.07
2008-03,Philippines,240.07
2008-06,Philippines,240.23
2008-09,Philippines,242.48
2008-12,Philippines,243.79
2009-03,Philippines,243.78
2009-06,Philippines,244.89
2009-09,Philippines,243.04
2009-12,Philippines,243.34
2010-03,Philippines,245.75
2010-06,Philippines,245.12
2010-09,Philippines,243.55
2010-12,Philippines,242.27
2011-03,Philippines,240.34
2011-06,Philippines,238.86
2011-09,Philippines,238.01
2011-12,Philippines,235.6
2012-03,Philippines,235.32
2012-06,Philippines,236.37
2012-09,Philippines,234.71
2012-12,Philippines,236.69
2013-03,Philippines,237.16
2013-06,Philippines,238.4
2013-09,Philippines,237.12
2013-12,Philippines,238.1
2014-03,Philippines,236.16
2014-06,Philippines,237.2
2014-09,Philippines,237.15
2014-12,Philippines,237.68
2015-03,Philippines,235.62
2015-06,Philippines,233.98
2015-09,Philippines,234.57
2015-12,Philippines,232.85
2016-03,Philippines,233.25
2016-06,Philippines,230.9
2016-09,Philippines,231.87
2016-12,Philippines,229.72
2017-03,Philippines,230.25
2017-06,Philippines,230.89
2017-09,Philippines,229.54
2017-12,Philippines,230.11
2018-03,Philippines,230.2
2018-06,Philippines,229.1
2018-09,Philippines,227.28
2018-12,Philippines,224.04
2019-03,Philippines,224.26
2019-06,Philippines,221.62
2019-09,Philippines,221.46
2019-12,Philippines,220.76
2020-03,Philippines,221.48
2020-06,Philippines,220.73
2020-09,Philippines,219.94
2020-12,Philippines,220.73
2021-03,Philippines,220.94
2021-06,Philippines,221.11
2021-09,Philippines,221.51
2021-12,Philippines,218.91
2022-03,Philippines,219.75
2022-06,Philippines,220.36
2022-09,Philippines,218.54
2022-12,Philippines,217.87
2023-03,Philippines,217.51
2023-06,Philippines,217.01
2023-09,Philippines,217.21
2023-12,Philippines,219.06
2024-03,Philippines,220.38
2024-06,Philippines,218.12
2024-09,Philippines,218.75
2024-12,Philippines,220.44
2000-03,Brazil,34.95
2000-06,Brazil,36.53
2000-09,Brazil,38.94
2000-12,Brazil,40.46
2001-03,Brazil,41.29
2001-06,Brazil,42.83
2001-09,Brazil,43.56
2001-12,Brazil,44.18
2002-03,Brazil,44.46
2002-06,Brazil,46.47
2002-09,Brazil,46.33
2002-12,Brazil,48.31
2003-03,Brazil,49.36
2003-06,Brazil,48.7
2003-09,Brazil,49.63
2003-12,Brazil,48.34
2004-03,Brazil,49.51
2004-06,Brazil,50.9
2004-09,Brazil,50.97
2004-12,Brazil,51.68
2005-03,Brazil,54.04
2005-06,Brazil,54.19
2005-09,Brazil,53.83
2005-12,Brazil,55.77
2006-03,Brazil,58.13
2006-06,Brazil,58.74
2006-09,Brazil,60.25
2006-12,Brazil,62.05
2007-03,Brazil,61.98
2007-06,Brazil,62.15
2007-09,Brazil,63.86
2007-12,Brazil,65.97
2008-03,Brazil,67.08
2008-06,Brazil,66.89
2008-09,Brazil,69.28
2008-12,Brazil,69.4
2009-03,Brazil,69.7
2009-06,Brazil,70.6
2009-09,Brazil,72.6
2009-12,Brazil,73.97
2010-03,Brazil,74.94
2010-06,Brazil,75.96
2010-09,Brazil,76.6
2010-12,Brazil,77.7
2011-03,Brazil,76.03
2011-06,Brazil,76.36
2011-09,Brazil,77.18
2011-12,Brazil,76.74
2012-03,Brazil,77.69
2012-06,Brazil,78.1
2012-09,Brazil,80.28
2012-12,Brazil,82.3
2013-03,Brazil,82.48
2013-06,Brazil,82.95
2013-09,Brazil,83.48
2013-12,Brazil,83.67
2014-03,Brazil,84.45
2014-06,Brazil,84.37
2014-09,Brazil,83.95
2014-12,Brazil,85.11
2015-03,Brazil,86.27
2015-06,Brazil,86.15
2015-09,Brazil,87.56
2015-12,Brazil,87.59
2016-03,Brazil,88.42
2016-06,Brazil,89.75
2016-09,Brazil,90.32
2016-12,Brazil,91.33
2017-03,Brazil,91.47
2017-06,Brazil,91.89
2017-09,Brazil,92.31
2017-12,Brazil,92.23
2018-03,Brazil,92.68
2018-06,Brazil,91.88
2018-09,Brazil,92.04
2018-12,Brazil,92.38
2019-03,Brazil,92.75
2019-06,Brazil,93.14
2019-09,Brazil,93.68
2019-12,Brazil,94.71
2020-03,Brazil,96.1
2020-06,Brazil,96.11
2020-09,Brazil,95.63
2020-12,Brazil,95.29
2021-03,Brazil,95.45
2021-06,Brazil,95.74
2021-09,Brazil,95.64
2021-12,Brazil,95.08
2022-03,Brazil,95.27
2022-06,Brazil,96.03
2022-09,Brazil,97.17
2022-12,Brazil,97.26
2023-03,Brazil,97.49
2023-06,Brazil,97.26
2023-09,Brazil,97.83
2023-12,Brazil,97.67
2024-03,Brazil,98.78
2024-06,Brazil,97.78
2024-09,Brazil,98.05
2024-12,Brazil,98.92
2000-03,South Korea,14.77
2000-06,South Korea,17.79
2000-09,South Korea,18.7
2000-12,South Korea,18.4
2001-03,South Korea,18.91
2001-06,South Korea,17.92
2001-09,South Korea,18.44
2001-12,South Korea,18.29
2002-03,South Korea,19.72
2002-06,South Korea,19.82
2002-09,South Korea,20.32
2002-12,South Korea,20.35
2003-03,South Korea,22.51
2003-06,South Korea,22.82
2003-09,South Korea,25.07
2003-12,South Korea,26.4
2004-03,South Korea,27.44
2004-06,South Korea,28.37
2004-09,South Korea,29.32
2004-12,South Korea,28.19
2005-03,South Korea,28.54
2005-06,South Korea,29.9
2005-09,South Korea,30.45
2005-12,South Korea,29.79
2006-03,South Korea,30.34
2006-06,South Korea,32.48
2006-09,South Korea,34.2
2006-12,South Korea,34.74
2007-03,South Korea,36.2
2007-06,South Korea,36.47
2007-09,South Korea,35.54
2007-12,South Korea,35.3
2008-03,South Korea,37.31
2008-06,South Korea,37.66
2008-09,South Korea,38.04
2008-12,South Korea,38.37
2009-03,South Korea,40.69
2009-06,South Korea,42.75
2009-09,South Korea,45.35
2009-12,South Korea,45.81
2010-03,South Korea,46.67
2010-06,South Korea,45.91
2010-09,South Korea,47.84
2010-12,South Korea,47.38
2011-03,South Korea,48.18
2011-06,South Korea,47.79
2011-09,South Korea,47.86
2011-12,South Korea,47.71
2012-03,South Korea,47.76
2012-06,South Korea,47.88
2012-09,South Korea,47.98
2012-12,South Korea,49.33
2013-03,South Korea,48.94
2013-06,South Korea,49.74
2013-09,South Korea,51.43
2013-12,South Korea,51.57
2014-03,South Korea,51.53
2014-06,South Korea,51.92
2014-09,South Korea,53.58
2014-12,South Korea,54.35
2015-03,South Korea,54.48
2015-06,South Korea,55.51
2015-09,South Korea,55.12
2015-12,South Korea,56.33
2016-03,South Korea,57.3
2016-06,South Korea,57.62
2016-09,South Korea,57.47
2016-12,South Korea,57.27
2017-03,South Korea,58.35
2017-06,South Korea,60.06
2017-09,South Korea,60.08
2017-12,South Korea,61.1
2018-03,South Korea,59.82
2018-06,South Korea,59.89
2018-09,South Korea,60.46
2018-12,South Korea,60.25
2019-03,South Korea,60.0
2019-06,South Korea,60.0
2019-09,South Korea,60.87
2019-12,South Korea,61.3
2020-03,South Korea,59.88
2020-06,South Korea,58.57
2020-09,South Korea,58.63
2020-12,South Korea,59.64
2021-03,South Korea,57.77
2021-06,South Korea,57.92
2021-09,South Korea,58.04
2021-12,South Korea,59.89
2022-03,South Korea,60.15
2022-06,South Korea,61.09
2022-09,South Korea,61.82
2022-12,South Korea,60.5
2023-03,South Korea,61.79
2023-06,South Korea,62.59
2023-09,South Korea,63.64
2023-12,South Korea,67.78
2024-03,South Korea,66.5
2024-06,South Korea,68.65
2024-09,South Korea,68.99
2024-12,South Korea,69.85
2000-03,Romania,103.99
2000-06,Romania,103.93
2000-09,Romania,103.84
2000-12,Romania,103.89
2001-03,Romania,103.67
2001-06,Romania,103.78
2001-09,Romania,103.72
2001-12,Romania,103.55
2002-03,Romania,103.48
2002-06,Romania,103.67
2002-09,Romania,103.59
2002-12,Romania,103.64
2003-03,Romania,103.53
2003-06,Romania,103.65
2003-09,Romania,103.75
2003-12,Romania,104.03
2004-03,Romania,104.0
2004-06,Romania,104.1
2004-09,Romania,104.11
2004-12,Romania,104.31
2005-03,Romania,104.2
2005-06,Romania,104.31
2005-09,Romania,104.28
2005-12,Romania,104.27
2006-03,Romania,104.29
2006-06,Romania,104.33
2006-09,Romania,104.31
2006-12,Romania,104.34
2007-03,Romania,104.58
2007-06,Romania,104.72
2007-09,Romania,104.85
2007-12,Romania,104.79
2008-03,Romania,104.65
2008-06,Romania,104.8
2008-09,Romania,104.93
2008-12,Romania,105.15
2009-03,Romania,105.06
2009-06,Romania,105.02
2009-09,Romania,104.78
2009-12,Romania,104.72
2010-03,Romania,104.87
2010-06,Romania,104.8
2010-09,Romania,104.89
2010-12,Romania,104.87
2011-03,Romania,104.91
2011-06,Romania,104.74
2011-09,Romania,104.75
2011-12,Romania,104.31
2012-03,Romania,104.28
2012-06,Romania,104.03
2012-09,Romania,104.21
2012-12,Romania,104.33
2013-03,Romania,104.4
2013-06,Romania,104.63
2013-09,Romania,104.49
2013-12,Romania,104.75
2014-03,Romania,104.89
2014-06,Romania,104.85
2014-09,Romania,105.02
2014-12,Romania,104.86
2015-03,Romania,104.73
2015-06,Romania,104.64
2015-09,Romania,104.56
2015-12,Romania,104.41
2016-03,Romania,104.59
2016-06,Romania,104.55
2016-09,Romania,104.6
2016-12,Romania,104.52
2017-03,Romania,104.24
2017-06,Romania,104.28
2017-09,Romania,104.0
2017-12,Romania,103.99
2018-03,Romania,103.78
2018-06,Romania,104.08
2018-09,Romania,104.22
2018-12,Romania,104.23
2019-03,Romania,104.42
2019-06,Romania,104.3
2019-09,Romania,104.38
2019-12,Romania,104.41
2020-03,Romania,104.45
2020-06,Romania,104.64
2020-09,Romania,104.75
2020-12,Romania,104.79
2021-03,Romania,104.54
2021-06,Romania,104.4
2021-09,Romania,104.38
2021-12,Romania,104.39
2022-03,Romania,104.22
2022-06,Romania,104.59
2022-09,Romania,104.81
2022-12,Romania,104.9
2023-03,Romania,104.91
2023-06,Romania,104.88
2023-09,Romania,104.74
2023-12,Romania,104.75
2024-03,Romania,104.79
2024-06,Romania,104.6
2024-09,Romania,104.65
2024-12,Romania,104.63
